"Rank"|"Name of Motorcycle Road"|"State(s)"|"Rating"
"1."|"Natchez Trace Parkway"|"Alabama, Mississippi, Tennessee"|"4.38"
"2."|"Little River Canyon Parkway (AL Hwy 176)"|"Alabama"|"4.50"
"3."|"Gulf Coast at Its Best"|"Alabama, Mississippi"|"4.29"
"4."|"AL state 25"|"Alabama"|"4.50"
"5."|"Paint Rock Valley"|"Alabama"|"4.00"
"6."|"Cheaha Mountain Skyway"|"Alabama"|"3.88"
"7."|"Alabama Highway 159"|"Alabama"|"4.00"
"8."|"North Tuscaloosa County Loop"|"Alabama"|"4.00"
"9."|"Cheaha to Tuskegee on 49"|"Alabama"|"3.83"
"10."|"Route 41 - Monroeville to Camden"|"Alabama"|"4.00"
"11."|"Central Alabama Country Tour - Highway 22"|"Alabama"|"3.50"
"12."|"Clarke County Ride"|"Alabama"|"3.25"
"13."|"Alabama's \"Mini-Dragon\" to 29 Dreams"|"Alabama"|"2.50"
"14."|"Shelby - Bibb County Loop"|"Alabama"|"2.00"
"15."|"Eagles' Point/Guntersville State Park"|"Alabama"|"0.00"
"16."|"County Road 14"|"Alabama, Tennessee"|"0.00"
"17."|"SSG Seth Ricketts Memorial Ride Route."|"Alabama, Mississippi, Tennessee"|"0.00"
"18."|"And Through The Woods...part 1"|"Alabama"|"0.00"
"19."|"fun quickie"|"Alabama"|"0.00"
"20."|"Crow Mountain Loop"|"Alabama"|"0.00"
"1."|"Whittier and Valdez (includes ferry ride)"|"Alaska"|"0.00"
"2."|"Kennicott mine"|"Alaska"|"0.00"
"3."|"Eklutna Lake Road"|"Alaska"|"0.00"
"1."|"Coronado Trail"|"Arizona"|"4.71"
"2."|"Flagstaff to Sedona on the Incredible 89A"|"Arizona"|"4.21"
"3."|"Wickenburg Road"|"Arizona"|"5.00"
"4."|"Old Route 66 South of Kingman"|"Arizona"|"4.50"
"5."|"Catalina Highway (Sky Island)"|"Arizona"|"4.50"
"6."|"Superior, Winkleman, Globe triangle"|"Arizona"|"4.23"
"7."|"US 60 - Socorro to Springerville"|"Arizona, New Mexico"|"4.50"
"8."|"Cottonwood Canyon Run"|"Arizona"|"4.33"
"9."|"Route 60 North from Globe"|"Arizona"|"4.33"
"10."|"Mesa, Globe, Punkin Center, and back to Mesa"|"Arizona"|"4.17"
"11."|"Lake Mary Rd from Flagstaff to Payson"|"Arizona"|"4.00"
"12."|"Southern Utah-Northern Arizona Hwy 89 Loop"|"Arizona, Utah"|"4.00"
"13."|"Phoenix to Show Low"|"Arizona"|"4.00"
"14."|"Grand Canyon North Rim Parkway"|"Arizona"|"4.00"
"15."|"Tucson to the Kitt Peak National Observatory"|"Arizona"|"4.00"
"16."|"North Bush Highway to Saguaro Lake"|"Arizona"|"4.00"
"17."|"Bagdad to Iron Springs"|"Arizona"|"4.00"
"18."|"Gates Pass Road"|"Arizona"|"3.67"
"19."|"Arivaca Sweepers"|"Arizona"|"3.30"
"20."|"Tortilla Flat"|"Arizona"|"2.83"
"21."|"McKenny Rd to Picture Rocks Rd."|"Arizona"|"3.00"
"22."|"Coolidge Dam Run"|"Arizona"|"3.00"
"23."|"Route 260 To 87"|"Arizona"|"3.00"
"24."|"Bagdad Rollercoaster"|"Arizona"|"3.00"
"25."|"US 180 Alpine, AZ - Deming, NM"|"Arizona, New Mexico"|"2.00"
"26."|"South Mountain Summit Road"|"Arizona"|"2.00"
"27."|"Grand Canyon South Rim"|"Arizona"|"0.00"
"28."|"Nogales to Douglas"|"Arizona"|"0.00"
"29."|"The Southwest Arizona Desert Triangle"|"Arizona"|"0.00"
"30."|"Mt Lemmon Loop"|"Arizona"|"0.00"
"31."|"Benson to Bisbee on Route 80"|"Arizona"|"0.00"
"32."|"Route 83 to Parker Canyon Lake"|"Arizona"|"0.00"
"33."|"Old Arizona Highway 80"|"Arizona"|"0.00"
"34."|"Quartzsite - Yuma Loop"|"Arizona, California"|"0.00"
"35."|"Parker Dam Loop"|"Arizona"|"0.00"
"36."|"South from Show Low on 260 and 73"|"Arizona"|"0.00"
"37."|"Big Lake Recreation Area"|"Arizona, Arizona, United States"|"0.00"
"38."|"Big Lake Recreation Area"|"Arizona, Arizona, United States"|"0.00"
"39."|"Cascabel Road to Redington Pass"|"Arizona"|"0.00"
"40."|"Sunset Point"|"Arizona"|"0.00"
"41."|"Hualapai Mt. Road"|"Arizona"|"0.00"
"1."|"Arkansas Pig Trail - Arkansas 23"|"Arkansas"|"4.55"
"2."|"Push Mountain Road"|"Arkansas"|"4.71"
"3."|"Talimena National Scenic Byway"|"Arkansas, Oklahoma"|"4.50"
"4."|"The Arkansas Dragon - Hwy 123"|"Arkansas"|"4.30"
"5."|"Hwy 16 from the Pig Trail to Scenic 7"|"Arkansas"|"5.00"
"6."|"Ozark Highlands Scenic Byway"|"Arkansas"|"4.88"
"7."|"Arkansas At Its Best - Highway 7"|"Arkansas"|"4.44"
"8."|"AR Hwy 103 from Clarksville to Oark"|"Arkansas"|"5.00"
"9."|"Arkansas River Road"|"Arkansas"|"5.00"
"10."|"Piney Creek"|"Arkansas"|"4.75"
"11."|"The Scenic Route from Hot Springs to Eureka Springs"|"Arkansas"|"4.43"
"12."|"The Northwest Arkansas Tour on Highway 62"|"Arkansas"|"4.50"
"13."|"Highway 215"|"Arkansas"|"4.44"
"14."|"The Melbourne Run"|"Arkansas"|"4.25"
"15."|"155 Up To Mount Nebo"|"Arkansas"|"4.50"
"16."|"Mammoth Spring Loop"|"Arkansas"|"4.50"
"17."|"Boston Mountains Scenic Drive"|"Arkansas"|"4.21"
"18."|"The Boxley Valley Run"|"Arkansas"|"4.33"
"19."|"Beautiful Arkansas Route 74 (Huntsville to Kingston)"|"Arkansas"|"4.33"
"20."|"Highway 125"|"Arkansas, Missouri"|"4.17"
"21."|"Route 103"|"Arkansas"|"4.00"
"22."|"Arkansas 27"|"Arkansas"|"4.00"
"23."|"Hwy 125 North of Hwy 160 Reuter to Bradleyville"|"Arkansas, Missouri"|"4.00"
"24."|"The Copperhead"|"Arkansas"|"4.00"
"25."|"From Paris and Havana on the 309"|"Arkansas"|"4.00"
"26."|"AR 374 - Connector between Hwy 7 and Hwy 123"|"Arkansas"|"4.00"
"27."|"221-Eureka Springs to Berryville"|"Arkansas"|"4.00"
"28."|"Missouri Route 86 - Ride the Eagle"|"Missouri, Arkansas"|"4.00"
"29."|"Bull Shoals Area to Mountain View Along Route 14"|"Arkansas"|"3.00"
"30."|"Sylamore Scenic Byway"|"Arkansas"|"0.00"
"31."|"Arkansas Highway 27 from Russellville to Harriet"|"Arkansas"|"0.00"
"32."|"Toad Suck Run"|"Arkansas"|"0.00"
"1."|"Twisty Road - Next 140 miles!!! (California Route 36)"|"California"|"4.77"
"2."|"Pacific Coast Cruise; Hwy 1"|"California"|"4.84"
"3."|"The Palomar Mountain Loop"|"California"|"4.65"
"4."|"Twisty Redwood Ride"|"California"|"5.00"
"5."|"Highway 74 - Hemet to Indian Wells"|"California"|"5.00"
"6."|"Angeles Crest Highway"|"California"|"5.00"
"7."|"Yuba River Ride; Hallelujah Junction to Emigrant Gap"|"California"|"5.00"
"8."|"Caliente to Kernville on County Rd 483"|"California"|"5.00"
"9."|"Hwy 299 from the coast to Redding, CA"|"California"|"5.00"
"10."|"Sonora Pass"|"California"|"4.70"
"11."|"California North Coast"|"California"|"4.75"
"12."|"Hemet Idyllwild Motorcycle Run"|"California"|"5.00"
"13."|"Platina Road - Curve Heaven"|"California"|"5.00"
"14."|"The Panoramic Highway"|"California"|"5.00"
"15."|"Unreal Route 89"|"California"|"5.00"
"16."|"The Lost Highway 58 - Bakersfield to San Luis Opisbo"|"California"|"4.50"
"17."|"Titlow HIll"|"California"|"5.00"
"18."|"Highway 120 - Tioga Pass Road"|"California"|"4.50"
"19."|"San Diego Highway S2"|"California"|"4.63"
"20."|"Through Death Valley on Badwater Rd"|"California"|"4.67"
"21."|"Murrieta to Carlsbad - Mountains to Beach"|"California"|"4.67"
"22."|"Sierra Way to The Mighty 190!"|"California"|"4.50"
"23."|"The Golden 49"|"California"|"4.50"
"24."|"The Sweet 94"|"California"|"4.30"
"25."|"Salmon Falls Road"|"California"|"4.50"
"26."|"Reno to Lake Tahoe Loop"|"California, Nevada"|"4.30"
"27."|"Wonderful Ride to the Sea - Jalama Road"|"California"|"4.50"
"28."|"Ben Lomond to Alice's"|"California"|"4.50"
"29."|"Ortega Highway (AKA \"The Awesome 74 to Lake Elsinor\")"|"California"|"4.14"
"30."|"Mosquito Ridge Road"|"California"|"4.33"
"31."|"Granite Rd to HWY 155 to Wofford Heights"|"California"|"4.33"
"32."|"Mount Hamilton Loop"|"California"|"4.20"
"33."|"Highway 120 to Benton Ride"|"California"|"4.25"
"34."|"The Death Valley Run"|"California, Nevada"|"4.00"
"35."|"Highway 70; Feather River Canyon"|"California"|"4.00"
"36."|"Westgard Pass"|"California, Nevada"|"4.00"
"37."|"Santa Paula to Ojai to Carpinteria"|"California"|"4.00"
"38."|"The Santa Barbara Ventura County loop"|"California"|"4.00"
"39."|"The \"Loop Around the Lake\" - Big Bear, CA"|"California"|"4.00"
"40."|"Sherman Pass Road"|"California"|"4.00"
"41."|"Highway 32 - from Chico to Lake Almanor"|"California"|"4.00"
"42."|"Doorstep to Sequoia National Park - SR-245"|"California"|"4.00"
"43."|"Sunrise Highway Loop (San Diego, CA S-1)"|"California"|"4.00"
"44."|"Castro Valley to Berkeley"|"California"|"4.00"
"45."|"Skaggs Spring Rd"|"California"|"4.00"
"46."|"Las Flores Canyon Road to Piuma Road"|"California"|"4.00"
"47."|"Highway 1 - San Mateo Coast"|"California"|"3.75"
"48."|"The Santa Cruz Mountain Tour Loop"|"California"|"3.83"
"49."|"Glendora Mountain Road to Mt. Baldy"|"California"|"3.56"
"50."|"Reliez Valley Rd/Bear Creek Rd"|"California"|"3.75"
"51."|"The Famous Rock Store Run (Mulholland Highway)"|"California"|"3.67"
"52."|"Highway 198, Sequoia National Park"|"California"|"3.50"
"53."|"Las Vegas to Searchlight to Nipton"|"California, Nevada"|"3.50"
"54."|"The Beach Cities 101 Cruise"|"California"|"3.25"
"55."|"Palos Verdes Peninsula Tour"|"California"|"3.14"
"56."|"Wentrorth Springs Rd-Ice house Rd-Placerville"|"California"|"3.33"
"57."|"SR-198 - Coalinga to San Lucas"|"California"|"3.25"
"58."|"Napa to the Shores of Lake Berryessa"|"California"|"3.00"
"59."|"Mt Diablo Summit Run"|"California"|"3.00"
"60."|"Marsh Creek Road"|"California"|"3.00"
"61."|"Rolling Foothills Loop Near Chico"|"California"|"3.00"
"62."|"Mojave National Preserve Tour"|"California"|"3.00"
"63."|"Secret Entrance to Yosemite & Cherry Lake Road"|"California"|"2.50"
"64."|"Topanga Canyon Loop"|"California"|"2.00"
"65."|"Hemet to Borrego Springs"|"California"|"0.00"
"66."|"Back Road Loop Through Julian"|"California"|"0.00"
"67."|"Lost World"|"California"|"0.00"
"68."|"Gazelle Callahan Road"|"California"|"0.00"
"69."|"Burson"|"California"|"0.00"
"70."|"Hwy 26 Out of Stockton"|"California"|"0.00"
"71."|"Quartzsite - Yuma Loop"|"Arizona, California"|"0.00"
"72."|"Engineers Road"|"California"|"0.00"
"73."|"Morgan Territory Road"|"California"|"0.00"
"74."|"The Palms to Pines Tour"|"California"|"0.00"
"75."|"Decker Canyon and Encinal Canyon Loop"|"California"|"0.00"
"76."|"Uvas Reservoir"|"California"|"0.00"
"77."|"Old Hwy 40 Cisco Grove to Donner Lake"|"California"|"0.00"
"78."|"Rim of the World Highway - CA SR 18 & 330"|"California"|"0.00"
"79."|"Old Julian Highway"|"California"|"0.00"
"80."|"Wildcat Canyon Road"|"California"|"0.00"
"81."|"Cloverdale-Booneville-Hopland Grade, Part 3"|"California"|"0.00"
"82."|"Cloverdale-Booneville-Hopland Grade, Part 2"|"California"|"0.00"
"83."|"Cloverdale-Boonville-Hopland Grade, Part 1"|"California"|"0.00"
"84."|"Kings Ridge Road"|"California"|"0.00"
"85."|"Mojave National Preserve Tour II"|"California"|"0.00"
"86."|"Valley Springs to Mokelumne Hill Highway 26"|"California"|"0.00"
"87."|"Highland Valley Rd"|"California"|"0.00"
"1."|"San Juan Mountain Skyway"|"Colorado"|"4.97"
"2."|"The Walden Loop (courtesy of Greeley HD&Yamaha)"|"Colorado"|"4.74"
"3."|"Unaweep Tabeguache Scenic Road - CO 141"|"Colorado"|"5.00"
"4."|"Poncha Springs Loop"|"Colorado"|"5.00"
"5."|"The Black Canyon Run"|"Colorado"|"4.80"
"6."|"The \"High 5\" to Mt. Evans"|"Colorado"|"4.70"
"7."|"Highway 77 to Colorado's Mini Devil's Tower"|"Colorado"|"5.00"
"8."|"Peak to Peak Highway"|"Colorado"|"4.56"
"9."|"Pikes Peak Run"|"Colorado"|"5.00"
"10."|"Black Canyon National Park"|"Colorado"|"5.00"
"11."|"Deer Creek Canyon"|"Colorado"|"5.00"
"12."|"Independence Pass (State Route 82)"|"Colorado"|"4.67"
"13."|"Deer Creek Road - Pleasant Park to Conifer"|"Colorado"|"5.00"
"14."|"Lookout Mountain Road"|"Colorado"|"5.00"
"15."|"Cortez to Mesa Verde National Park"|"Colorado"|"4.33"
"16."|"Grand Mesa - Colorado State Route 65"|"Colorado"|"4.30"
"17."|"Route 150 - Mirror Lake Loop"|"Colorado, Utah"|"4.25"
"18."|"Moab, UT to Nucla, CO"|"Colorado, Utah"|"4.17"
"19."|"Pine Junction to Woodland Park: Route 67"|"Colorado"|"4.00"
"20."|"The Steamboat Scream"|"Colorado"|"4.00"
"21."|"The Canon City, Westcliff, Florence Loop"|"Colorado"|"4.00"
"22."|"Horsepower Hill (AKA Deckers Road)"|"Colorado"|"4.00"
"23."|"Snowy Range & Woods Landing Loop"|"Wyoming, Colorado"|"4.00"
"24."|"Durango to Lake Vallecito Lunch Run"|"Colorado"|"4.00"
"25."|"Deckers Along the Platte to Denver Area"|"Colorado"|"4.00"
"26."|"Denver to the South Park Basin Loop"|"Colorado"|"3.75"
"27."|"Colorado Route 149 - South Fork to Gunnison"|"Colorado"|"3.25"
"28."|"County Road Alternative to 550 North outta Durango"|"Colorado"|"3.00"
"29."|"Colorado National Monument"|"Colorado"|"1.00"
"30."|"Morrison to Fairplay - Round Trip"|"Colorado"|"0.00"
"31."|"Old Loveland Pass"|"Colorado"|"0.00"
"32."|"Arkansas River Road"|"Colorado"|"0.00"
"33."|"La Veta to Trinidad via Hwy12"|"Colorado"|"0.00"
"34."|"7 - Rhymes with Heaven"|"Colorado"|"0.00"
"35."|"Leadville to Minturn on US 24"|"Colorado"|"0.00"
"36."|"Gunnison to Crested Butte"|"Colorado"|"0.00"
"37."|"Loma to Rangely on Rt 139"|"Colorado"|"0.00"
"38."|"Rangely to Meeker on Route 64"|"Colorado"|"0.00"
"39."|"Castle Creek Road"|"Colorado"|"0.00"
"40."|"Plateau Creek"|"Colorado"|"0.00"
"41."|"Hotchkiss to Carbondale on Hwy 133"|"Colorado"|"0.00"
"42."|"Phantom Canyon Road"|"Colorado"|"0.00"
"43."|"McElmo Canyon - Cortez CO to Bluff Utah"|"Colorado"|"0.00"
"44."|"Route 3 to Marble Colorado"|"Colorado"|"0.00"
"45."|"Durango CO to Farmington NM via River Roads"|"Colorado"|"0.00"
"46."|"Wildcat Canyon"|"Colorado"|"0.00"
"47."|"Follow the Old Train Tracks to Pagosa"|"Colorado"|"0.00"
"48."|"Ignacio to Durango via River Road"|"Colorado"|"0.00"
"49."|"OMG GET OFF Hwy 160 & take the Scenic Route!"|"Colorado"|"0.00"
"50."|"Golden Gate Canyon Road"|"Colorado"|"0.00"
"51."|"Taylor River Rd 742"|"Colorado"|"0.00"
"52."|"Rist Canyon Road"|"Colorado"|"0.00"
"53."|"Horsetooth Reservoir Tour"|"Colorado"|"0.00"
"1."|"The Northern CT Border Run"|"Connecticut"|"4.00"
"2."|"Northern CT Appalachian Mountains Ride"|"Connecticut"|"4.00"
"3."|"The Western RI and Eastern CT Loop"|"Connecticut, Rhode Island"|"4.00"
"4."|"Lovely Litchfield Loop"|"Connecticut"|"3.25"
"5."|"Northeast CT. Country Loop"|"Connecticut"|"3.00"
"6."|"Tri-State Country Tour (MA, CT, RI)"|"Connecticut, Massachusetts, Rhode Island"|"0.00"
"7."|"Scenic Durham to Old Saybrook"|"Connecticut"|"0.00"
"1."|"Delaware Coast Short Run"|"Delaware"|"3.79"
"2."|"Brandywine Valley"|"Delaware"|"4.00"
"3."|"The Loop"|"Pennsylvania, Delaware"|"2.81"
"4."|"US Hwy 113"|"Delaware"|"0.00"
"5."|"Delaware Countdown 16 15 14 13"|"Delaware"|"0.00"
"1."|"North Tampa Circuit"|"Florida"|"4.67"
"2."|"The Ozello Trail Ride"|"Florida"|"4.25"
"3."|"The Sugarloaf Mountain Ride"|"Florida"|"4.64"
"4."|"Scenic SR-13 (just south of Jacksonville)"|"Florida"|"4.71"
"5."|"citrus county 476"|"Florida"|"5.00"
"6."|"Indian River Lagoon - Short Loop"|"Florida"|"4.50"
"7."|"Naples to Key West"|"Florida"|"4.19"
"8."|"Sugarloaf Mountain - The North Approach"|"Florida"|"4.50"
"9."|"The Sleep Hollow Run"|"Florida"|"4.30"
"10."|"The Daytona Loop"|"Florida"|"3.94"
"11."|"Green Swamp Tour - Northeast of Tampa"|"Florida"|"3.70"
"12."|"Gulf Coast Cruise"|"Florida"|"4.00"
"13."|"Ocala National Forest"|"Florida"|"4.00"
"14."|"Scenic Inland Ride from Oak Hill to Port Orange Beaches"|"Florida"|"4.00"
"15."|"Swan Lake Road"|"Florida"|"4.00"
"16."|"Central Fla. Highlands Along Route 17 (AKA \"The Scenic Hwy\")"|"Florida"|"4.00"
"17."|"Florida East-coast Manasota Key Road"|"Florida"|"4.00"
"18."|"St. Cloud to Keenansville"|"Florida"|"4.00"
"19."|"Von Hoak Loop"|"Florida"|"4.00"
"20."|"Lake Monroe Route"|"Florida"|"4.00"
"21."|"Twisties Through Central Florida Countryside"|"Florida"|"4.00"
"22."|"Aripeka to Weeki Wachee Gardens"|"Florida"|"4.00"
"23."|"Northwest Orlando Hill Country"|"Florida"|"3.50"
"24."|"St Augustine to Flagler Florida"|"Florida"|"3.67"
"25."|"Bainbridge, GA to Chattahoochee, FL"|"Florida, Georgia"|"3.00"
"26."|"The Wide-Open-Throttle & Banking Run"|"Florida"|"3.00"
"27."|"Sebastian Loop"|"Florida"|"3.00"
"28."|"Ft. Lauderdale to West Palm Beach on 1A"|"Florida"|"3.00"
"29."|"Merritt Island to New Smyrna"|"Florida"|"2.75"
"30."|"The Taylor Creek Nature Preserve Excursion"|"Florida"|"2.50"
"31."|"Route 27 - Back to the Farm"|"Florida"|"2.00"
"32."|"Florida, Port Charlotte & North Port hidden cruise."|"Florida"|"2.00"
"33."|"Over the River and Through the Woods"|"Florida"|"1.00"
"34."|"Myakka City Sweepers Loop"|"Florida"|"1.00"
"35."|"Daytona to Apopka Lake & Winter Garden"|"Florida"|"0.00"
"36."|"Ride to Cherry Pocket"|"Florida"|"0.00"
"37."|"Turnbull Bay Loop"|"Florida"|"0.00"
"38."|"St Augustine to Guana River State Park"|"Florida"|"0.00"
"39."|"Casey Key"|"Florida"|"0.00"
"40."|"Treeline Ave"|"Florida"|"0.00"
"41."|"North River Rd - Highway 78 Outside of Ft Myers"|"Florida"|"0.00"
"42."|"Venus Backroad"|"Florida"|"0.00"
"1."|"Georgia's Dragon - The Suches Loop"|"Georgia"|"4.46"
"2."|"The Extended Suches Loop"|"Georgia"|"4.67"
"3."|"US Hwy 17 - Darien to Cumberland Island"|"Georgia"|"5.00"
"4."|"Northern Georgia Scenic Byway Loop"|"Georgia"|"4.50"
"5."|"Highway 28: Tri-State Tour"|"Georgia, South Carolina, Tennessee"|"4.50"
"6."|"Blue Ridge to Ellijay"|"Georgia, Tennessee"|"4.33"
"7."|"North Georgia"|"Georgia"|"4.00"
"8."|"Quad County Figure Eight"|"Georgia"|"4.00"
"9."|"Late Lunch Cruise Down South"|"Georgia"|"3.80"
"10."|"Cloudland Canyon Ride"|"Georgia"|"4.00"
"11."|"Owltown Road"|"Georgia"|"4.00"
"12."|"Scenic Route from Springfield to Augusta"|"South Carolina, Georgia"|"4.00"
"13."|"Talking Rock to Dahlonega - Route 136"|"Georgia"|"3.80"
"14."|"Savannah River Scenery"|"Georgia, South Carolina"|"3.83"
"15."|"Bainbridge, GA to Chattahoochee, FL"|"Florida, Georgia"|"3.00"
"16."|"Laura Walker State Park road"|"Georgia"|"3.00"
"17."|"Chattahoochee National Forest Tour"|"Georgia"|"0.00"
"18."|"Columbus GA to FDR State Park Loop"|"Georgia"|"0.00"
"19."|"Richmond Hill to Pelican Point Restaurant"|"Georgia"|"0.00"
"20."|"Cumming to Stone Mountain"|"Georgia"|"0.00"
"21."|"Tate to Dawsonville on State Road 53"|"Georgia"|"0.00"
"1."|"East Maui Loop"|"Hawaii"|"5.00"
"2."|"Circumnavigate west Maui - hwy 30/340"|"Hawaii"|"5.00"
"3."|"From Jaws to Hana - The Hana Highway"|"Hawaii"|"0.00"
"4."|"Auloa Rd."|"Hawaii"|"0.00"
"5."|"Tantalus"|"Hawaii"|"0.00"
"1."|"The Lolo Pass"|"Idaho"|"4.55"
"2."|"Rattlesnake Pass to Wallowa Lake"|"Washington, Idaho"|"4.72"
"3."|"The Idaho/Montana Scenic Triangle Loop"|"Idaho, Montana"|"5.00"
"4."|"Salmon River/River of No Return"|"Idaho"|"5.00"
"5."|"The Devil's Tail"|"Idaho, Oregon"|"4.44"
"6."|"Northwest Passage All American Road:  Kooskia to Grangeville"|"Idaho"|"5.00"
"7."|"Lewiston to Missoula on US Hwy 12"|"Idaho, Montana"|"4.67"
"8."|"St. Joe River Scenic Byway"|"Idaho, Montana"|"4.67"
"9."|"The Great Scenic Loop through Central Idaho & Western Montana"|"Idaho, Montana"|"4.67"
"10."|"Highway 21 - Boise to Lowman"|"Idaho"|"4.50"
"11."|"Highway to Heaven - Route 56 Loop"|"Idaho, Montana"|"4.50"
"12."|"Spiral Highway to Heaven"|"Idaho"|"4.50"
"13."|"Boise to Sun Valley"|"Idaho"|"4.50"
"14."|"The Southern Caribou National Forest Loop"|"Idaho, Wyoming"|"4.17"
"15."|"The \"Blow You Away\" Idaho-Tour"|"Idaho"|"4.00"
"16."|"Spokane Valley to White Pine Scenic By-way to St Maries Idaho"|"Idaho, Washington"|"4.00"
"17."|"Hayden Lake Rd (near Coeur d'Alene)"|"Idaho"|"4.00"
"18."|"Old Idaho Highway 7"|"Idaho"|"4.00"
"19."|"Highway 20"|"Idaho"|"4.00"
"20."|"White Pine Scenic Loop:  Moscow, Potlatch, Bovill, Deary"|"Idaho"|"4.00"
"21."|"Boise to Twin Falls - Mountain Peaks to Lava Fields Tour"|"Idaho"|"0.00"
"22."|"River of No Return Driving Tour:  Riggins to White Bird"|"Idaho"|"0.00"
"23."|"Camas Prairie Tour:  Grangeville to Winchester"|"Idaho"|"0.00"
"24."|"Gold Rush Historic Byway:  Greer to Headquarters"|"Idaho"|"0.00"
"25."|"Our First Major Ride"|"Idaho"|"0.00"
"26."|"US 30 through Hagerman"|"Idaho"|"0.00"
"27."|"Two Passes a Canyon and a Lake"|"Idaho, Wyoming"|"0.00"
"1."|"Shawnee National Forest"|"Illinois"|"5.00"
"2."|"Mt. Carroll to Elizabeth"|"Illinois"|"5.00"
"3."|"Elizabeth Scales Mound Road"|"Illinois"|"5.00"
"4."|"Rock River Run"|"Illinois"|"4.36"
"5."|"Scenic Mississippi River Byway"|"Illinois"|"4.50"
"6."|"Great River Road"|"Illinois"|"4.50"
"7."|"Illinois Ultimate Scenic Rivers Route"|"Illinois"|"4.19"
"8."|"100 Miles from Charleston to Vincennes"|"Illinois"|"4.50"
"9."|"The Oswego to Starved Rock Run"|"Illinois"|"4.33"
"10."|"Back roads of Morris"|"Illinois"|"4.20"
"11."|"Mississippi River Levee Triple Loop"|"Illinois"|"4.13"
"12."|"Starved Rock Run on Rt 71"|"Illinois"|"4.00"
"13."|"Southern Illinois Circuit 1"|"Illinois"|"4.00"
"14."|"Scenic Ridge Route"|"Illinois"|"4.00"
"15."|"Rockton to Savanna"|"Illinois"|"4.00"
"16."|"Great River Road Northern Extension"|"Illinois"|"4.00"
"17."|"Terre Haute Road"|"Indiana, Illinois"|"4.00"
"18."|"Peoria River Ride"|"Illinois"|"3.50"
"19."|"The Eagles' Loop"|"Wisconsin, Illinois"|"3.25"
"20."|"Blackjack Road (Galena to Savanna)"|"Illinois"|"3.25"
"21."|"The Three Corners Scenic Loop (Illinois, Wisconsin, Iowa)"|"Illinois, Wisconsin, Iowa"|"3.25"
"22."|"Route 37"|"Illinois"|"3.25"
"23."|"Summer on the Rivers"|"Illinois, Wisconsin"|"3.00"
"24."|"Wilmington-Kankakee River Loop"|"Illinois"|"2.83"
"25."|"Burlington Farmland Twisties"|"Illinois"|"3.00"
"26."|"Practice Your Counter-Steering on Rt 126"|"Illinois"|"2.00"
"27."|"\"Baby Face Nelson's Last Day\" Ride"|"Wisconsin, Illinois"|"1.50"
"28."|"Galena/Freeport Loop"|"Illinois, Iowa"|"0.00"
"29."|"Rt 66, The Mother Road"|"Illinois"|"0.00"
"30."|"Thomson Loop"|"Illinois"|"0.00"
"31."|"Hot Turkey Run"|"Illinois, Indiana"|"0.00"
"32."|"The Mt. Carroll to Galena Run"|"Illinois"|"0.00"
"33."|"Mattoon to Peoria Grand National"|"Illinois"|"0.00"
"34."|"US Hwy 50 - US Hwy 45 - State Rt. 1"|"Illinois"|"0.00"
"35."|"Northern Illinois Route 20"|"Illinois"|"0.00"
"36."|"The Murphysboro to Anna to Carbondale Loop"|"Illinois"|"0.00"
"37."|"Scenic Lake Route"|"Illinois"|"0.00"
"38."|"SW Chicago Quick Scenic Loop"|"Illinois"|"0.00"
"39."|"River Loop from Peru to Peoria"|"Illinois"|"0.00"
"40."|"Sheridan Rd / Chicago Botanic Garden"|"Illinois"|"0.00"
"41."|"Cook Country Forest Preserve - PALOS"|"Illinois"|"0.00"
"1."|"The Crawford-Perry Co. River Loop"|"Indiana"|"5.00"
"2."|"Big Lick Ride/Ohio River hugging loop"|"Indiana, Kentucky"|"5.00"
"3."|"The Brown County to Ohio River Cruise"|"Indiana"|"4.67"
"4."|"US HWY 12 Through the Indiana Dunes"|"Indiana"|"4.58"
"5."|"Winnie's Favorite Indiana Ride"|"Indiana"|"4.50"
"6."|"Morgan-Monroe Loop"|"Indiana"|"4.43"
"7."|"South-Central Indiana Tour"|"Indiana"|"4.38"
"8."|"Southern Indiana's Hwy 43"|"Indiana"|"4.33"
"9."|"Eastern-Central Indiana Canal Loop"|"Indiana"|"4.25"
"10."|"Southeastern Indiana Ohio River Run"|"Indiana"|"4.25"
"11."|"SR 26 to South River Road"|"Indiana"|"4.00"
"12."|"West Central Indiana: Hwy 234 & Sugar Creek Canyon"|"Indiana"|"3.56"
"13."|"Salt Creek Lick Road"|"Indiana"|"4.00"
"14."|"Franklin to Nashville, Indiana"|"Indiana"|"4.00"
"15."|"Terre Haute Road"|"Indiana, Illinois"|"4.00"
"16."|"Indiana 52 - Indy to Cincy \"Plant Run\""|"Indiana"|"3.75"
"17."|"Goldring Road, La Porte, IN"|"Indiana"|"3.00"
"18."|"The Old SR 37 to Route 446 Run"|"Indiana"|"3.00"
"19."|"Southern Michigan Tour via Route 12"|"Indiana, Michigan"|"2.50"
"20."|"Stagecoach Road"|"Indiana"|"1.50"
"21."|"US Hwy 6"|"Indiana"|"0.00"
"22."|"Troy-Covered Bridge-Bristow-St. Meinrad"|"Indiana"|"0.00"
"23."|"From Santa Claus to Lincoln's Home to the Ohio River"|"Indiana"|"0.00"
"24."|"Terre Haute to Merom Bluff Park"|"Indiana"|"0.00"
"25."|"South Bend to Four Winds Casino Run"|"Indiana, Michigan"|"0.00"
"26."|"Hot Turkey Run"|"Illinois, Indiana"|"0.00"
"27."|"The Northeast Indiana Box"|"Indiana"|"0.00"
"28."|"Lafayette Area Route 1"|"Indiana"|"0.00"
"29."|"IN 71 - Dana to Newport Power Plant"|"Indiana"|"0.00"
"30."|"Indiana SR450"|"Indiana"|"0.00"
"31."|"Indiana Route 1 - Sawmill Road"|"Indiana"|"0.00"
"32."|"Scenic Route from Richmond to N Brookville Lake"|"Indiana"|"0.00"
"33."|"Warsaw/Rochester Loop"|"Indiana"|"0.00"
"34."|"Hidden Treasure of SE Indiana"|"Indiana"|"0.00"
"1."|"Triple State Mississippi River Run (MN, IA, WI)"|"Wisconsin, Minnesota, Iowa"|"5.00"
"2."|"Northern Iowa River Run"|"Iowa"|"4.50"
"3."|"Donnellson to Keosauqua (Rt 2 & Rt 1)"|"Iowa"|"4.50"
"4."|"The Hub of the Hills"|"Iowa"|"4.33"
"5."|"Northeast Iowa Loop"|"Iowa"|"4.00"
"6."|"Poopy's Triangle"|"Iowa"|"4.00"
"7."|"50 Mile White Post Highway Tour"|"Iowa"|"4.00"
"8."|"The Three Corners Scenic Loop (Illinois, Wisconsin, Iowa)"|"Illinois, Wisconsin, Iowa"|"3.25"
"9."|"Old Highway 141"|"Iowa"|"3.00"
"10."|"Nuke Plant Corners"|"Iowa"|"3.00"
"11."|"Iowa's Old Lincoln Highway"|"Iowa"|"0.00"
"12."|"Galena/Freeport Loop"|"Illinois, Iowa"|"0.00"
"13."|"Rt 37 - Onawa to Soldier to Dunlop"|"Iowa"|"0.00"
"14."|"Mississippi River Road North of Keokuk"|"Iowa"|"0.00"
"15."|"Indianola to Lake Red Rock"|"Iowa"|"0.00"
"16."|"DeWitt to Charlotte"|"Iowa"|"0.00"
"17."|"Des Moines To Council Bluffs - Via Highway IA-92"|"Iowa"|"0.00"
"18."|"Coralville Reservoir Loop"|"Iowa"|"0.00"
"19."|"Coraville Dam Loop"|"Iowa"|"0.00"
"20."|"Saylorville Lake Loop"|"Iowa"|"0.00"
"1."|"Wyandotte County Lake Park"|"Kansas"|"5.00"
"2."|"The Racetrack Road of Terror!"|"Kansas"|"3.90"
"3."|"Loop from Olathe, KS to Abilene, KS and the Eisenhower Museum"|"Kansas"|"4.00"
"4."|"Perfect Flint Hills Drive"|"Kansas"|"4.00"
"5."|"Tuttle Creek Scenic Drive"|"Kansas"|"4.00"
"6."|"K-7 to Rulo"|"Kansas, Nebraska"|"4.00"
"7."|"Highway 57"|"Kansas"|"4.00"
"8."|"\"Pick Your Kansas\" on Hwy K4"|"Kansas"|"3.70"
"9."|"Perry Lake Loop"|"Kansas"|"3.67"
"10."|"Grouse Creek"|"Kansas"|"3.50"
"11."|"The Olathe to Cottonwood Falls Loop"|"Kansas"|"3.50"
"12."|"North of Topeka State Road Loop"|"Kansas"|"3.17"
"13."|"US 56 to Council Grove, KS"|"Kansas"|"3.25"
"14."|"The Seven Bridges Ride - Part 1"|"Kansas"|"3.00"
"15."|"The Southeast Kansas Corner Loop"|"Kansas, Missouri, Oklahoma"|"3.00"
"16."|"KS 9 - Tight and Twisty between the Long and Straights"|"Kansas"|"3.00"
"17."|"\"The Old Tin Road\" - Old 10 Road"|"Kansas"|"2.67"
"18."|"The Beautiful 150 Mile Central Kansas Loop"|"Kansas"|"1.00"
"19."|"Gyphills Scenic Tour"|"Kansas, Oklahoma"|"0.00"
"20."|"Flint Hills Tour"|"Kansas"|"0.00"
"21."|"The Flint Hills Run"|"Kansas"|"0.00"
"22."|"The Farmer's Turnpike"|"Kansas"|"0.00"
"23."|"The Mac Box"|"Kansas"|"0.00"
"24."|"Elk River Wind Farm"|"Kansas"|"0.00"
"25."|"Kansas 7 from Ft. Scott to Spring Hill"|"Kansas"|"0.00"
"26."|"Kansas Route 66"|"Kansas"|"0.00"
"27."|"Quick Tuttle Creek Ride"|"Kansas"|"0.00"
"28."|"E Lyon Creek Rd"|"Kansas"|"0.00"
"29."|"Best of Kansas City Roads"|"Kansas"|"0.00"
"30."|"Backroads of Kansas"|"Kansas"|"0.00"
"31."|"Rib Run"|"Kansas"|"0.00"
"1."|"Red River & Nada Tunnel"|"Kentucky"|"4.65"
"2."|"Big Lick Ride/Ohio River hugging loop"|"Indiana, Kentucky"|"5.00"
"3."|"Ohio River View With Curves Tour"|"Kentucky"|"5.00"
"4."|"Route 32 - Morehead to Louisa"|"Kentucky"|"5.00"
"5."|"Elk Creek Winery Loop -- Owenton, KY"|"Kentucky"|"5.00"
"6."|"The Trace (Through the Land Between the Lakes)"|"Tennessee, Kentucky"|"4.25"
"7."|"KY 499 to 52 - Richmond to Beattyville"|"Kentucky"|"4.50"
"8."|"Route 10 Country Tour"|"Kentucky"|"4.20"
"9."|"State Route 92"|"Kentucky"|"4.25"
"10."|"\"The Harrodsburg to Willisburg Loop\""|"Kentucky"|"4.00"
"11."|"Trail of the Lonesome Pine"|"Kentucky"|"4.00"
"12."|"Kentucky Rt 227"|"Kentucky"|"4.00"
"13."|"Tates Creek Road - Lexington to Richmond"|"Kentucky"|"4.00"
"14."|"Rabbit Hash Ride"|"Kentucky"|"3.67"
"15."|"KY Route 62"|"Kentucky"|"3.50"
"16."|"Natural Bridge to London KY via 11 and 30"|"Kentucky"|"3.00"
"17."|"Kentucky 80 - Somerset to Glasgow"|"Kentucky"|"1.00"
"18."|"Black Mountain Kentucky Loop"|"Kentucky, Virginia"|"0.00"
"19."|"Kentucky Horse Farm Cruise"|"Kentucky"|"0.00"
"20."|"The \"18 mile Creek Road\" Area Tour"|"Kentucky"|"0.00"
"21."|"Tri-State Mountain Tour - Tennessee, Kentucky, and Virginia"|"Kentucky, Tennessee, Virginia"|"0.00"
"22."|"Williamsburg Street-Cumberland Falls Loop"|"Kentucky"|"0.00"
"23."|"Routes 92 and 139 East of Kentucky Lake"|"Kentucky"|"0.00"
"24."|"15 Mile Run Through Pennrile State Park"|"United States, Kentucky"|"0.00"
"25."|"Eastern Kentucky-SW Virginia Loop"|"Kentucky, Virginia"|"0.00"
"26."|"West 92"|"Kentucky"|"0.00"
"27."|"Cumberland Falls Hwy. Rt 90"|"Kentucky"|"0.00"
"28."|"Pembroke Oak Grove Road to Jefferson Davis Memorial"|"Kentucky, Tennessee"|"0.00"
"29."|"Russell Cave Rd"|"Kentucky"|"0.00"
"30."|"Fat Daddy's \"little Kentucky dragon\""|"Kentucky"|"0.00"
"31."|"Cave Run Lake Loop"|"Kentucky"|"0.00"
"1."|"Route 22 from Sorrento to Ponchatoula"|"Louisiana"|"3.90"
"2."|"Mid State 8"|"Louisiana"|"4.00"
"3."|"Maurepas"|"Louisiana"|"4.00"
"4."|"A Circle around Toledo Bend Reservoir"|"Louisiana"|"3.88"
"5."|"Route 552 Loop"|"Louisiana"|"4.00"
"6."|"S. Lakeshore Drive - Cross Lake"|"Louisiana"|"4.00"
"7."|"Run for the Road (Route 415)"|"Louisiana"|"3.50"
"8."|"Fried LiversGizzards"|"Louisiana, Mississippi"|"3.50"
"9."|"Bayou Browsing for the Monkey"|"Louisiana"|"3.25"
"10."|"Creole Nature Trail"|"Louisiana"|"3.00"
"11."|"Longleaf Vista Cruise"|"Louisiana"|"3.00"
"12."|"Highway 307 - Kraemer"|"Louisiana"|"3.00"
"13."|"River Road to Natchez"|"Louisiana"|"2.25"
"14."|"Cane River Rip"|"Louisiana"|"0.00"
"15."|"\"Leaving Louisiana in Broad Daylight\"... for the Dinner Bell in Mississippi!"|"Mississippi, Louisiana"|"0.00"
"16."|"Nible my Toledo"|"Louisiana"|"0.00"
"17."|"Making the Block in South Bossier"|"Louisiana"|"0.00"
"1."|"Acadia National Park - Bar Harbor Loop"|"United States, Maine"|"5.00"
"2."|"Northern Route 201"|"Maine"|"4.75"
"3."|"Rangeley Lakes Scenic Byway"|"Maine"|"4.67"
"4."|"The Dover, NH to Poland, ME Loop"|"Maine"|"4.50"
"5."|"Route 113 Border Cruise - from Gilead to Fryeburg"|"Maine, New Hampshire"|"4.06"
"6."|"Mount Desert Island Loop"|"Maine"|"4.25"
"7."|"73/131 Rockland - Owls Head - Port Clyde"|"Maine"|"4.00"
"8."|"Back roads from Boston to Wells Beach and Ogunquit Maine areas (MA, NH, ME)"|"Maine, Massachusetts, New Hampshire"|"4.00"
"9."|"Boston to Maine (Coastal Routes)"|"Maine"|"0.00"
"10."|"The Sebago Lake Ride"|"Maine"|"0.00"
"11."|"Androscoggin Lake Route"|"Maine"|"0.00"
"12."|"Central Maine to Popham"|"Maine"|"0.00"
"13."|"The Grafton Notch - 13 Mile Woods Loop"|"Maine, New Hampshire"|"0.00"
"1."|"Acadia National Park - Bar Harbor Loop"|"United States, Maine"|"5.00"
"2."|"Northern Route 201"|"Maine"|"4.75"
"3."|"Rangeley Lakes Scenic Byway"|"Maine"|"4.67"
"4."|"The Dover, NH to Poland, ME Loop"|"Maine"|"4.50"
"5."|"Route 113 Border Cruise - from Gilead to Fryeburg"|"Maine, New Hampshire"|"4.06"
"6."|"Mount Desert Island Loop"|"Maine"|"4.25"
"7."|"73/131 Rockland - Owls Head - Port Clyde"|"Maine"|"4.00"
"8."|"Back roads from Boston to Wells Beach and Ogunquit Maine areas (MA, NH, ME)"|"Maine, Massachusetts, New Hampshire"|"4.00"
"9."|"Boston to Maine (Coastal Routes)"|"Maine"|"0.00"
"10."|"The Sebago Lake Ride"|"Maine"|"0.00"
"11."|"Androscoggin Lake Route"|"Maine"|"0.00"
"12."|"Central Maine to Popham"|"Maine"|"0.00"
"13."|"The Grafton Notch - 13 Mile Woods Loop"|"Maine, New Hampshire"|"0.00"
"1."|"The Shelburne Falls Loop"|"Massachusetts"|"5.00"
"2."|"Nothern MA and Southern NH Ramble"|"Massachusetts, New Hampshire"|"5.00"
"3."|"Rt. 66 to Northampton"|"Massachusetts"|"5.00"
"4."|"Ride to Salem, Gloucester, and Annisquam Village"|"Massachusetts"|"4.67"
"5."|"Quabbin Reservoir Loop"|"Massachusetts"|"4.20"
"6."|"Route 119"|"Massachusetts, New Hampshire"|"4.33"
"7."|"Mowhawk Trail (route 2) - North Adams to Greenfield"|"Massachusetts"|"4.00"
"8."|"Monadnock Run"|"Massachusetts, New Hampshire"|"4.00"
"9."|"Wachusett Reservoir Area"|"Massachusetts"|"4.00"
"10."|"Back roads from Boston to Wells Beach and Ogunquit Maine areas (MA, NH, ME)"|"Maine, Massachusetts, New Hampshire"|"4.00"
"11."|"From Mass to the Americade (in Lake George, NY)"|"Massachusetts, New Hampshire, New York, Vermont"|"3.75"
"12."|"Shutesbury Area \"S-Curves\""|"Massachusetts"|"3.50"
"13."|"A Sane Route to Cape Cod (from MetroWest Boston)"|"Massachusetts"|"3.00"
"14."|"Plymouth, and the South Shore"|"Massachusetts"|"2.50"
"15."|"Route 5 Massachusetts to Vermont"|"New Hampshire, Massachusetts, Vermont"|"1.00"
"16."|"Cape Cod at its Best"|"Massachusetts"|"0.00"
"17."|"Southcentral Massachusetts Tour"|"Massachusetts"|"0.00"
"18."|"Tri-State Country Tour (MA, CT, RI)"|"Connecticut, Massachusetts, Rhode Island"|"0.00"
"19."|"Essex to Salem Coastal Cruise"|"Massachusetts"|"0.00"
"20."|"The Massachusetts Berkshires for a Long Weekend"|"Massachusetts"|"0.00"
"21."|"Scenic Route 105"|"Massachusetts"|"0.00"
"22."|"Skyline Trail"|"Massachusetts"|"0.00"
"23."|"Through the Country to the Castle"|"Massachusetts"|"0.00"
"1."|"Tunnel of Trees Road"|"Michigan"|"4.56"
"2."|"Michigan's Central Lake Michigan Scenic Tour"|"Michigan"|"5.00"
"3."|"Copper Harbor Run (Keweenaw Peninsula)"|"Michigan"|"4.28"
"4."|"North Lansing Loop"|"Michigan"|"4.50"
"5."|"Michigan's \"East Coast\" Cruise"|"Michigan"|"4.00"
"6."|"From Coldwater To Hell"|"Michigan"|"4.25"
"7."|"Manistee to Traverse City; Lake Michigan Shore Tour"|"Michigan"|"4.00"
"8."|"Ride Round the Thumb"|"Michigan"|"3.83"
"9."|"Pennisula Drive in Traverse Bay"|"Michigan"|"4.00"
"10."|"Curley Lewis Memorial Highway"|"Michigan"|"4.00"
"11."|"Edward Hines Drive from 7 mile to Ford Road"|"Michigan"|"4.00"
"12."|"Michigan's West Coast Winery Tour"|"Michigan"|"4.00"
"13."|"The Ausable River East Ride"|"Michigan"|"4.00"
"14."|"Marquette Palmer/Gwinn/Crossroads"|"Michigan"|"3.50"
"15."|"UP's Northen Coast Tour on County Rd. H58"|"Michigan"|"3.33"
"16."|"Red Arrow Hwy / Blue Star Memorial Ride"|"Michigan"|"3.00"
"17."|"Big Bay Road (County Rd 550)"|"Michigan"|"3.00"
"18."|"Apple to Baldwin"|"Michigan"|"3.00"
"19."|"Ride Along the Grand River"|"Michigan"|"3.00"
"20."|"Southern Michigan Tour via Route 12"|"Indiana, Michigan"|"2.50"
"21."|"Central Michigan Excursion - Grand Ledge to N. Higgins Lake (US127 Alternate Route)"|"Michigan"|"0.00"
"22."|"South Bend to Four Winds Casino Run"|"Indiana, Michigan"|"0.00"
"23."|"Pictured Rocks"|"Michigan"|"0.00"
"24."|"Dexter Trail - Gregory to Mason, MI"|"Michigan"|"0.00"
"25."|"Allegan Dam - Lakeshore Drive Loop"|"Michigan"|"0.00"
"26."|"East Torch Lake Up Toward Tunnel of Trees Road"|"Michigan"|"0.00"
"27."|"The Long Straightaway on M-28"|"Michigan"|"0.00"
"28."|"Rochester Road South of Leonard"|"Michigan"|"0.00"
"29."|"Birch Road"|"Michigan"|"0.00"
"30."|"Orion Road"|"Michigan"|"0.00"
"31."|"Clarkston Road"|"Michigan"|"0.00"
"1."|"The Incredible North Shore Tour"|"Minnesota"|"4.71"
"2."|"Triple State Mississippi River Run (MN, IA, WI)"|"Wisconsin, Minnesota, Iowa"|"5.00"
"3."|"Route 113"|"Minnesota, United States"|"5.00"
"4."|"Ely-North Shore - Hwy 1"|"Minnesota"|"4.63"
"5."|"Highway 61 - LaCrescent, MN to Red Wing, MN"|"Minnesota"|"4.50"
"6."|"The Welch Village Twisties Run"|"Minnesota"|"4.10"
"7."|"Pine River-Longville-Emily-Crosby"|"Minnesota"|"4.50"
"8."|"Menahga to Emily Through the Chippewa National Forest"|"Minnesota"|"4.50"
"9."|"The Waconia to Henderson Run"|"Minnesota"|"4.00"
"10."|"HWY 60 Harwood Forest Tour"|"Minnesota"|"4.00"
"11."|"Bluff Country Run"|"Minnesota"|"3.50"
"12."|"The St Croix Trail"|"Minnesota"|"3.33"
"13."|"MN to Sturgis Run First Leg - I-90 West"|"Minnesota"|"0.50"
"14."|"Northwoods Scenic Byway to Scenic State Park"|"Minnesota"|"0.00"
"15."|"MN-16 - Preston to Rushford"|"Minnesota"|"0.00"
"16."|"Minneapolis Lakes"|"Minnesota"|"0.00"
"17."|"Co HWY 21"|"Minnesota"|"0.00"
"18."|"Wheat to Iron Highway"|"Minnesota"|"0.00"
"19."|"Lake Minnetonka Shoreline Drive"|"Minnesota"|"0.00"
"20."|"Twin Cities to Prescott and the Alphabet Roads Loop"|"Wisconsin, Minnesota"|"0.00"
"1."|"Natchez Trace Parkway"|"Alabama, Mississippi, Tennessee"|"4.38"
"2."|"Gulf Coast at Its Best"|"Alabama, Mississippi"|"4.29"
"3."|"Old Port Gibson Road"|"Mississippi"|"4.50"
"4."|"Red Bluff (AKA \"The Secret Pearl River Run\""|"Mississippi"|"4.00"
"5."|"Grenada Lake Loop"|"Mississippi"|"4.00"
"6."|"Natchez Trace Escape - Windsor Ruins, Route 552"|"Mississippi"|"3.50"
"7."|"Fried LiversGizzards"|"Louisiana, Mississippi"|"3.50"
"8."|"Backwoods route from Benndale to Monticello"|"Mississippi"|"3.00"
"9."|"\"Home of Blues\" tour on US 278"|"Mississippi"|"3.00"
"10."|"Half Hour Hoot!"|"Mississippi"|"3.00"
"11."|"MS Highway 15 Wiggins to Coast"|"Mississippi"|"3.00"
"12."|"The Clarke County Pine Forest Run"|"Mississippi"|"2.25"
"13."|"Natchez Trace side trip to a Ghost Town - Rodney, MS"|"Mississippi"|"1.17"
"14."|"Natchez to Homochitto National Forest"|"Mississippi"|"1.00"
"15."|"The Blues Highway"|"Mississippi, Tennessee"|"0.00"
"16."|"Route 21 From Forest to Philadelphia"|"Mississippi"|"0.00"
"17."|"\"Leaving Louisiana in Broad Daylight\"... for the Dinner Bell in Mississippi!"|"Mississippi, Louisiana"|"0.00"
"18."|"SSG Seth Ricketts Memorial Ride Route."|"Alabama, Mississippi, Tennessee"|"0.00"
"19."|"Shiloh Road"|"Mississippi"|"0.00"
"20."|"Holly Spring - Potts Camp Loop - Sardis Dam"|"Mississippi"|"0.00"
"21."|"Mississippi Salt Flats"|"Mississippi"|"0.00"
"22."|"Through Desoto National Forest on Route 29"|"Mississippi"|"0.00"
"1."|"Hwy 106 - Ellington to Houston"|"Missouri"|"5.00"
"2."|"Rolla-Salem Loop"|"Missouri"|"5.00"
"3."|"Old School House On The Hill Ride"|"Missouri"|"5.00"
"4."|"St. Louis / Il Bluffs / MO Mining Country Loop"|"Missouri"|"4.67"
"5."|"Hwy 19 from Hermann to Winona"|"Missouri"|"4.43"
"6."|"Missouri Wine Country Tour"|"Missouri"|"4.40"
"7."|"MO 72"|"Missouri"|"4.50"
"8."|"Missouri HWY 160 from Alton to Donaphin"|"Missouri"|"4.50"
"9."|"From Hannibal MO to Louisiana MO on 79"|"Missouri"|"4.20"
"10."|"The \"Big MO\" River Ride Loop"|"Missouri"|"4.21"
"11."|"Southwest Missouri Corner Run - Hwy 90"|"Missouri"|"4.17"
"12."|"Hwy 21 South to Elephant Rock State Park"|"Missouri"|"4.17"
"13."|"Highway 125"|"Arkansas, Missouri"|"4.17"
"14."|"Highway 100; west of Washington"|"Missouri"|"4.00"
"15."|"Hwy 125 North of Hwy 160 Reuter to Bradleyville"|"Arkansas, Missouri"|"4.00"
"16."|"Brian's Quick Fun Ride"|"Missouri"|"4.00"
"17."|"Missouri Route 86 - Ride the Eagle"|"Missouri, Arkansas"|"4.00"
"18."|"Central Rural Triangle"|"Missouri"|"4.00"
"19."|"The Jefferson City Sedalia Half Day Loop"|"Missouri"|"3.67"
"20."|"County Road H from Liberty MO to Excelsior Springs"|"Missouri, United States"|"3.60"
"21."|"World Famous 'Tail of the Newt'"|"Missouri"|"3.50"
"22."|"The Southeast Kansas Corner Loop"|"Kansas, Missouri, Oklahoma"|"3.00"
"23."|"North Columbia Loop"|"Missouri"|"3.00"
"24."|"HWY 42 between Vienna and Belle"|"Missouri"|"0.00"
"25."|"Emmet's lunch ride - AKA Columbia North Loop"|"Missouri"|"0.00"
"26."|"Route 49 - National Forest Folly"|"Missouri"|"0.00"
"27."|"River Kings Row"|"Missouri"|"0.00"
"28."|"Peach Float Cruise"|"Missouri"|"0.00"
"29."|"Lonely Short Cut - Missouri J"|"Missouri"|"0.00"
"30."|"MO Hwy V and T from Union MO to Wildwood MO"|"Missouri"|"0.00"
"31."|"Bagnell Dam Loop"|"Missouri"|"0.00"
"32."|"Branson To Table Rock Loop"|"Missouri"|"0.00"
"33."|"Mark Twain National Forest Circle"|"Missouri"|"0.00"
"34."|"Roaring River Roller Coaster"|"Missouri"|"0.00"
"1."|"Beartooth Pass"|"Montana, Wyoming"|"4.96"
"2."|"Going-To-The-Sun Road"|"Montana"|"4.44"
"3."|"The Idaho/Montana Scenic Triangle Loop"|"Idaho, Montana"|"5.00"
"4."|"The Wonderful 141"|"Montana"|"5.00"
"5."|"Cascade to Holter Lake along the Missouri River"|"Montana"|"5.00"
"6."|"The Yaak & Lake Koocanusa"|"Montana"|"4.83"
"7."|"Lewiston to Missoula on US Hwy 12"|"Idaho, Montana"|"4.67"
"8."|"St. Joe River Scenic Byway"|"Idaho, Montana"|"4.67"
"9."|"The Great Scenic Loop through Central Idaho & Western Montana"|"Idaho, Montana"|"4.67"
"10."|"Chief Joseph Run"|"Montana"|"4.67"
"11."|"Highway to Heaven - Route 56 Loop"|"Idaho, Montana"|"4.50"
"12."|"Rt 200 through the Helena National Forest"|"Montana"|"4.00"
"13."|"Scenic Route From Big Timber to Great Falls"|"Montana"|"4.00"
"14."|"Missoula to Swan River Valley/Flathead Valley and Back"|"Montana"|"3.17"
"15."|"US 89"|"Montana"|"3.00"
"16."|"Kings Hill Highway"|"Montana"|"3.00"
"17."|"The Lewis and Clark Caverns Run"|"Montana"|"3.00"
"18."|"Montana After Work Stress Reliever Ride"|"Montana"|"3.00"
"19."|"50 Miles of Bliss - Garrision to Helena, MT"|"Montana"|"0.00"
"20."|"The Lennep Cut Off"|"Montana"|"0.00"
"21."|"Skalkaho Highway"|"Montana"|"0.00"
"22."|"Rolling Pastures and Wide Skylines"|"Montana, South Dakota, Wyoming"|"0.00"
"23."|"Petty Creek Rd. / Graves Creek Rd."|"Montana"|"0.00"
"24."|"Continuing Going to the Sun Road"|"Montana"|"0.00"
"25."|"Blue Creek Road, Old Highway 87, and Pictograph Caves"|"Montana"|"0.00"
"1."|"K-7 to Rulo"|"Kansas, Nebraska"|"4.00"
"2."|"Hwy 2 Sandhills Journey Scenic Byway"|"Nebraska"|"3.83"
"3."|"Schramm State Park Run"|"Nebraska"|"4.00"
"4."|"US 20 (Northwest Nebraska)"|"Nebraska, Wyoming"|"3.50"
"5."|"Highway 75 Along the Missouri River"|"Nebraska"|"3.50"
"6."|"Highway 12"|"Nebraska"|"3.25"
"7."|"The Platte River Run"|"Nebraska"|"0.00"
"8."|"Desoto Trail"|"Nebraska"|"0.00"
"9."|"Sandhills Loop"|"Nebraska"|"0.00"
"1."|"Reno, Virginia City, Carson city Loop"|"Nevada"|"4.50"
"2."|"Reno to Lake Tahoe Loop"|"California, Nevada"|"4.30"
"3."|"Valley of Fire Loop"|"Nevada"|"4.05"
"4."|"The Death Valley Run"|"California, Nevada"|"4.00"
"5."|"Old Hwy 50 - \"The Loneliest Road In America\""|"Nevada"|"4.00"
"6."|"Westgard Pass"|"California, Nevada"|"4.00"
"7."|"Red Rock Ramble"|"Nevada"|"3.67"
"8."|"Las Vegas to Searchlight to Nipton"|"California, Nevada"|"3.50"
"9."|"Mount Charleston Loop"|"Nevada"|"3.50"
"10."|"Lamoille Canyon Scenic Byway"|"Nevada"|"0.00"
"1."|"Nothern MA and Southern NH Ramble"|"Massachusetts, New Hampshire"|"5.00"
"2."|"Rt 1A - The Seacoast Highway"|"New Hampshire"|"4.50"
"3."|"Central New Hampshire Tour - Rte 132"|"New Hampshire"|"4.50"
"4."|"Mt. Washington Auto Road"|"New Hampshire"|"4.50"
"5."|"Route 119"|"Massachusetts, New Hampshire"|"4.33"
"6."|"Rte 118 to 112 - Kancamagus Hwy"|"New Hampshire"|"4.06"
"7."|"Route 113 Border Cruise - from Gilead to Fryeburg"|"Maine, New Hampshire"|"4.06"
"8."|"Monadnock Run"|"Massachusetts, New Hampshire"|"4.00"
"9."|"Back roads from Boston to Wells Beach and Ogunquit Maine areas (MA, NH, ME)"|"Maine, Massachusetts, New Hampshire"|"4.00"
"10."|"US Route 3 Through Central New Hampshire"|"New Hampshire"|"4.00"
"11."|"From Mass to the Americade (in Lake George, NY)"|"Massachusetts, New Hampshire, New York, Vermont"|"3.75"
"12."|"New Hampshire Route 123"|"New Hampshire"|"3.67"
"13."|"\"Kank-run\" Through the White Mountains"|"New Hampshire"|"3.50"
"14."|"New Hampshire Backroads Tour - Route 13N to 114N"|"New Hampshire"|"1.25"
"15."|"Route 5 Massachusetts to Vermont"|"New Hampshire, Massachusetts, Vermont"|"1.00"
"16."|"NH VT Back road Loop"|"New Hampshire, Vermont"|"0.00"
"17."|"The Grafton Notch - 13 Mile Woods Loop"|"Maine, New Hampshire"|"0.00"
"18."|"Rt 10 Lebanon to Woodsville"|"New Hampshire"|"0.00"
"19."|"Capitol to the Beach and Back"|"New Hampshire"|"0.00"
"20."|"The Nashua Triangle"|"New Hampshire"|"0.00"
"1."|"Nice Quick New Jersey Ride"|"New Jersey"|"5.00"
"2."|"Route 519 from Phillipsburg to High Point"|"New Jersey"|"4.67"
"3."|"Oldwick to Musconetcong River Rd"|"New Jersey"|"5.00"
"4."|"Central Jersey Tour"|"New Jersey"|"5.00"
"5."|"Tabernacle, NJ Loop"|"New Jersey"|"4.60"
"6."|"Chester to Frenchtown"|"New Jersey"|"4.13"
"7."|"The New Jersey Skyline Drive"|"New Jersey"|"4.00"
"8."|"Mendham to Clinton Loop"|"New Jersey"|"4.00"
"9."|"Allentown to LBI (539&72)"|"New Jersey"|"2.67"
"10."|"Skylands"|"New Jersey"|"0.00"
"11."|"Route 32 River Road"|"New Jersey"|"0.00"
"12."|"Somers Point to Elwood/Wharton State Forest"|"New Jersey"|"0.00"
"1."|"The Road to Timberon"|"New Mexico"|"5.00"
"2."|"Trail of the Mountain Spirits Byway (Big Loop for the locals)"|"New Mexico"|"5.00"
"3."|"Riudoso to Alamogordo via Cloudcroft"|"Texas, New Mexico"|"5.00"
"4."|"NM 152"|"New Mexico"|"4.36"
"5."|"Northern-Central NM Loop"|"New Mexico"|"4.75"
"6."|"Taos to Mora NM"|"New Mexico"|"5.00"
"7."|"Rt. 4 - White Rock to Jemez Springs"|"New Mexico"|"4.67"
"8."|"US 60 - Socorro to Springerville"|"Arizona, New Mexico"|"4.50"
"9."|"NM 337 through the Cibola National Forest"|"New Mexico"|"4.50"
"10."|"Anasazi Indian Country Tour"|"New Mexico"|"4.50"
"11."|"Route #536 Sandia Crest Road"|"New Mexico"|"4.25"
"12."|"Hwy 246 - Roswell to Capitan"|"New Mexico"|"4.00"
"13."|"US 180 Alpine, AZ - Deming, NM"|"Arizona, New Mexico"|"2.00"
"14."|"Route 28 from Sunland Park North to Mesilla"|"New Mexico"|"0.00"
"15."|"Enchanted Circle Plus Side Trip"|"New Mexico"|"0.00"
"16."|"Albuquerque to Casino Hollywood"|"New Mexico"|"0.00"
"17."|"High Road to Taos Scenic Byway"|"New Mexico"|"0.00"
"18."|"Turquoise Trail SR14"|"New Mexico"|"0.00"
"1."|"Catskill Preserve"|"New York"|"4.83"
"2."|"Mohawk Towpath Scenic Byway"|"New York"|"5.00"
"3."|"Seven Lakes Drive"|"New York"|"5.00"
"4."|"Harriman Loop"|"New York"|"5.00"
"5."|"Long Island's North Shore Tour"|"New York"|"4.15"
"6."|"Boonville to Lake Placid"|"New York"|"4.33"
"7."|"The 70 Mile Hudson River Bridge Tour"|"New York"|"4.17"
"8."|"Cherry Valley Turnpike - US 20"|"New York"|"4.20"
"9."|"RT 10 - Walton to Deposit"|"New York"|"4.13"
"10."|"The Beautiful Keuka Lake Road"|"New York"|"4.00"
"11."|"Adirondack Lake Loop"|"New York"|"4.00"
"12."|"Cayuga Lake Tour"|"New York"|"4.00"
"13."|"Big Catskill Loop"|"New York"|"4.00"
"14."|"5-Hour Green Rural Loop from Manhattan"|"New York"|"4.00"
"15."|"Route 80"|"New York"|"4.00"
"16."|"Pepacton Reservoir Loop"|"United States, New York"|"4.00"
"17."|"The Great Sacandaga Lake Loop"|"New York"|"4.00"
"18."|"Rt. 443 and Thatcher Park"|"New York"|"4.00"
"19."|"New York Rt 21"|"New York"|"4.00"
"20."|"The 20-Mile Delaware River Tour"|"New York"|"4.00"
"21."|"Honeoye Lake-Naples Loop"|"New York"|"4.00"
"22."|"Route 19 - Brockport to Wellsville"|"New York"|"4.00"
"23."|"Letchworth State Park"|"New York"|"4.00"
"24."|"Short Albany - Altamont Loop"|"New York"|"4.00"
"25."|"From Mass to the Americade (in Lake George, NY)"|"Massachusetts, New Hampshire, New York, Vermont"|"3.75"
"26."|"Seaway Trail"|"New York"|"3.50"
"27."|"The Ilion Gorge Run"|"New York"|"3.42"
"28."|"The Montauk Lighthouse Run (on Rt 27)"|"New York"|"3.17"
"29."|"Route 14: from Horseheads to Watkins Glen"|"New York"|"3.00"
"30."|"Spooky Sleepy Hollow Three Day Tour"|"New York"|"2.75"
"31."|"Sunrise Bypass to Montauk"|"New York"|"3.00"
"32."|"Lake George into the Adirondack State Park & Museum"|"New York"|"2.00"
"33."|"The Taborton Loop"|"New York"|"2.00"
"34."|"Schoharie Valley Loop"|"New York"|"0.00"
"35."|"Ferries to Montauk"|"New York"|"0.00"
"36."|"NY State Route 166"|"New York"|"0.00"
"37."|"Lake George to Saratoga Springs"|"New York"|"0.00"
"38."|"Capital District to OCC"|"New York"|"0.00"
"39."|"Mill Road"|"New York"|"0.00"
"40."|"Capital Region to Fort Ti Loop"|"New York"|"0.00"
"41."|"NY Route 301"|"New York"|"0.00"
"42."|"Chittenango Falls and Fenner Wind Farm"|"New York"|"0.00"
"43."|"Gaskill Rd"|"New York"|"0.00"
"44."|"Tracy Road - An Adirondack Must"|"New York, United States"|"0.00"
"45."|"Portville to Belfast on Rt 305"|"New York"|"0.00"
"46."|"King's Highway Twisties"|"New York"|"0.00"
"47."|"Rt 31"|"New York"|"0.00"
"48."|"Escape from New York City on Route 22"|"New York"|"0.00"
"1."|"Deal's Gap (AKA \"The Dragon\" or \"Tail of the Dragon\")"|"North Carolina, Tennessee"|"4.38"
"2."|"Blue Ridge Parkway"|"North Carolina, Virginia"|"4.89"
"3."|"Cherohala Skyway"|"North Carolina, Tennessee"|"4.88"
"4."|"The Hellbender 28"|"North Carolina"|"4.50"
"5."|"Mountain Meander - Upper Slice of Route 28"|"North Carolina"|"5.00"
"6."|"Shiner's Run"|"North Carolina"|"5.00"
"7."|"The Waterfall Byway Along the Cullasaja River Gorge"|"North Carolina"|"4.90"
"8."|"The Copperhead Loop"|"North Carolina"|"5.00"
"9."|"US 221 - Independence, VA to Boone, NC"|"North Carolina, Virginia"|"5.00"
"10."|"The Cherokee Run"|"North Carolina"|"4.75"
"11."|"NC Hwy 261- Roan Mountain Road"|"North Carolina, Tennessee"|"5.00"
"12."|"Short Scenic Ride - Hwy 94"|"United States, North Carolina"|"5.00"
"13."|"Sandbanks Road"|"North Carolina"|"5.00"
"14."|"Valle Crucis to Banner Elk on Rt 194"|"North Carolina"|"5.00"
"15."|"\"Beginners Beware\""|"North Carolina"|"4.55"
"16."|"North Carolina's Route 80 (AKA Devil's Whip)"|"North Carolina"|"4.18"
"17."|"Full Day of North Carolina Twisties Loop"|"North Carolina"|"4.50"
"18."|"Route 181 - Joanas Ridge to Morganton"|"North Carolina"|"4.50"
"19."|"Greensboro, NC - Blue Ridge Pkwy - Winston-Salem"|"North Carolina, Virginia"|"4.50"
"20."|"Wayah road"|"North Carolina"|"4.25"
"21."|"NC Hwy 66 Near Brown Mountain"|"North Carolina"|"4.50"
"22."|"Diamond Back Loop (226 & 226A)"|"North Carolina"|"4.11"
"23."|"High Heaven Ride"|"North Carolina"|"4.25"
"24."|"The Coastal Huggin' NC 12"|"North Carolina"|"4.13"
"25."|"NC Route 89 & 8"|"North Carolina"|"4.33"
"26."|"Old Liberty Road"|"North Carolina"|"3.79"
"27."|"Jump Off Rock to Asheboro"|"North Carolina"|"4.00"
"28."|"The North Carolina Piedmont along NC 22"|"North Carolina"|"4.00"
"29."|"Route 18 - Shelby to Morganton NC"|"North Carolina"|"4.00"
"30."|"Off the beaten path"|"North Carolina"|"4.00"
"31."|"Topsail Loop"|"North Carolina"|"4.00"
"32."|"Old Maple Hill Road"|"North Carolina"|"4.00"
"33."|"Ebeneezer Church Rd"|"North Carolina"|"4.00"
"34."|"Back Country Church Roads"|"North Carolina"|"4.00"
"35."|"Hampton Road"|"North Carolina"|"4.00"
"36."|"Brushy Mountain Road"|"North Carolina"|"3.67"
"37."|"Pekin Road & Cartledge Creek Road"|"North Carolina"|"3.75"
"38."|"Route 16 - Charlotte to Wilkesboro"|"North Carolina"|"3.33"
"39."|"Grandfather Mountain ride (US 221)"|"North Carolina"|"3.40"
"40."|"Country Station 53"|"North Carolina"|"3.50"
"41."|"Mt Vernon church & Pleasant Union Church Rd"|"North Carolina"|"3.50"
"42."|"Hwy 70 Down East"|"North Carolina"|"3.33"
"43."|"Aunt Bea's Way (US 52)"|"North Carolina"|"3.00"
"44."|"Quiet Country Ride"|"North Carolina"|"3.00"
"45."|"Perquimans, Gates Co.  farmland ride"|"North Carolina"|"3.00"
"46."|"Route 904 to Sunset Beach"|"North Carolina"|"3.00"
"47."|"NC Route 197 Northern Portion"|"North Carolina"|"3.00"
"48."|"Hanging Rock Run"|"North Carolina"|"3.00"
"49."|"Dirty Driving to Lake Lure"|"North Carolina"|"3.00"
"50."|"The Raleigh to Wilmington Run"|"North Carolina"|"2.00"
"51."|"Route 182 - Meandering Peaceful Ride"|"North Carolina"|"0.00"
"52."|"A taste of the Appalachians via 25, 208, 321, 19"|"Tennessee, North Carolina"|"0.00"
"53."|"Brevard to Bryson City - mix of backroads and BRP"|"North Carolina"|"0.00"
"54."|"Farm to Winery Road, NC"|"North Carolina"|"0.00"
"55."|"Up to the Ridges"|"Tennessee, North Carolina"|"0.00"
"56."|"Buffalo Shoals Road"|"North Carolina"|"0.00"
"57."|"The Mock-5 Bridge"|"North Carolina"|"0.00"
"58."|"NC 150"|"North Carolina"|"0.00"
"59."|"Kanuga Rd, Old CCC Rd, Dupont Rd."|"North Carolina"|"0.00"
"60."|"Lake Toxaway Loop"|"North Carolina"|"0.00"
"61."|"Old Greensboro Rd"|"North Carolina"|"0.00"
"62."|"Great Ride - Mt Pisgah Highway"|"North Carolina"|"0.00"
"63."|"US 178 - Pickens, Moorefield, and Liberty Highways"|"South Carolina, North Carolina"|"0.00"
"64."|"Pauls Place Loop"|"North Carolina"|"0.00"
"65."|"Wine Spring Road"|"North Carolina"|"0.00"
"66."|"Virgil Road"|"North Carolina"|"0.00"
"67."|"I-40 Through Pisgah and Cherokee National Forests"|"North Carolina, Tennessee"|"0.00"
"1."|"Loop Through Theodore Roosevelt Park"|"North Dakota"|"5.00"
"2."|"Enchanted Highway"|"North Dakota"|"5.00"
"3."|"Sheyenne River Valley Scenic Byway"|"North Dakota"|"4.50"
"4."|"North Dakota 16"|"North Dakota"|"4.00"
"5."|"Old Highway 10"|"North Dakota"|"3.00"
"6."|"Rt 1804 from Now Town to Williston"|"North Dakota"|"3.00"
"7."|"Killdeer Mountain Four Bears Scenic Byway"|"North Dakota"|"2.50"
"1."|"The Ohio Cousin of the \"Tail of the Dragon\""|"Ohio"|"4.30"
"2."|"The Triple Nickle - Route 555"|"Ohio"|"4.16"
"3."|"St Rt 278 - Scenic Curves"|"Ohio"|"5.00"
"4."|"The 520 to Nashville Rd"|"Ohio"|"5.00"
"5."|"Dalzell Road"|"Ohio"|"5.00"
"6."|"Ohio Route 255 - Woodsfield to Sardis"|"Ohio"|"5.00"
"7."|"Ohio Route 26"|"Ohio"|"4.22"
"8."|"Wayne National Forest Run"|"Ohio"|"4.25"
"9."|"Ohio's Dragon's Tail"|"Ohio"|"4.08"
"10."|"Back roads ride to Geneva on the Lake"|"Ohio"|"4.17"
"11."|"Northeastern Ohio's Curve Heaven - RT 164"|"Ohio"|"4.19"
"12."|"Ohio's State Route 9; Salem to Armstrong Mills"|"Ohio"|"4.50"
"13."|"SR-374 Hocking Hills"|"Ohio"|"4.20"
"14."|"Rt 9 - Cadiz to Armstrongs Mills"|"Ohio"|"4.50"
"15."|"Greenfield To Aberdeen (on SR 41)"|"Ohio"|"4.25"
"16."|"Ohio SR 56"|"Ohio"|"4.25"
"17."|"Ohio 556; 536's Forgotten Twin"|"Ohio"|"4.00"
"18."|"Little Muskingum River Covered Bridge Tour"|"Ohio"|"4.00"
"19."|"Ohio Route 603"|"Ohio"|"3.81"
"20."|"Amish Country"|"Ohio"|"4.00"
"21."|"Scenic Route 664"|"Ohio"|"4.00"
"22."|"Seneca Lake Loop"|"Ohio"|"4.00"
"23."|"The Triple Nickle - Route 555 - South of Chesterhill"|"Ohio"|"4.00"
"24."|"Thompson Ridge Rd. (\"the little Blue Ridge\")"|"Ohio"|"4.00"
"25."|"Little Switzerland - RT 147"|"Ohio"|"4.00"
"26."|"The Short But Sweet Ohio 213"|"Ohio"|"4.00"
"27."|"From Fort to Fort on the Maumee"|"Ohio"|"4.00"
"28."|"Columbus to Massillon on US 62"|"Ohio"|"4.00"
"29."|"SR 125 from US 68 to Shawnee"|"Ohio"|"4.00"
"30."|"13 Unlucky Miles of Hell - OH Route 763"|"Ohio"|"4.00"
"31."|"Ohio Route 145 - The Rollercoaster"|"Ohio"|"4.00"
"32."|"The Route 60 River Run Along the Muskingum"|"United States, Ohio"|"4.00"
"33."|"Ohio State Route 78"|"Ohio"|"4.00"
"34."|"Rt 41 - Greenfield to the Ohio River (in SW Ohio)"|"Ohio"|"3.83"
"35."|"Atwood Lake"|"Ohio"|"4.00"
"36."|"The SR 503 Roller Coaster"|"Ohio"|"3.63"
"37."|"State RT. 247"|"Ohio"|"3.75"
"38."|"SR 105"|"Ohio"|"3.67"
"39."|"Ohio's Route 800 (south of I-70)"|"Ohio"|"3.50"
"40."|"Route 258 (Newcomerstown to Stillwater)"|"Ohio"|"3.50"
"41."|"The 800-250 Loop"|"Ohio"|"3.50"
"42."|"Columbus to Delaware on Route 315"|"Ohio"|"3.33"
"43."|"The Holmes County-Amish Country Tour"|"Ohio"|"3.25"
"44."|"Route 715 to Mohawk Dam"|"Ohio"|"2.86"
"45."|"New Concord to Millersburg via SR 83"|"Ohio"|"3.00"
"46."|"Bath Road"|"Ohio"|"3.00"
"47."|"SRs 424, 110, & 65; Defiance to Waterville"|"Ohio"|"3.00"
"48."|"Route 141 Run"|"Ohio"|"3.00"
"49."|"Ohio US Route 250 - Bridgeport, OH to Cadiz, OH"|"Ohio"|"3.00"
"50."|"Valley Parkway"|"Ohio"|"3.00"
"51."|"OH 235 - McComb to Dayton"|"Ohio"|"2.63"
"52."|"Trumble-Bula Loop"|"Ohio"|"2.00"
"53."|"US 224 - Akron area to Findlay"|"Ohio"|"1.00"
"54."|"Ohio SR 49 - Clayton to Greenville"|"Ohio"|"1.00"
"55."|"Ohio River Scenic Route 7 - East Liverpool to Wheeling"|"Ohio"|"1.00"
"56."|"Winding Down from Canton to the Ohio River"|"Ohio"|"0.00"
"57."|"East Ohio Border Tour"|"Ohio"|"0.00"
"58."|"Waterford Racetrack Road"|"Ohio, West Virginia"|"0.00"
"59."|"Southeast Ohio on Route 32 & Hwy 33"|"West Virginia, Ohio"|"0.00"
"60."|"Old US 21"|"Ohio"|"0.00"
"61."|"Cambridge to the Ohio River"|"Ohio"|"0.00"
"62."|"State Route 571 - New Carlisle to Union City"|"Ohio"|"0.00"
"63."|"Ohio 121 Greenville to New Paris"|"Ohio"|"0.00"
"64."|"Dayton to Wapakoneta"|"Ohio"|"0.00"
"65."|"Wellington to Loudonville"|"Ohio"|"0.00"
"66."|"Beach City Loop"|"United States, Ohio"|"0.00"
"67."|"Ohio Route 260"|"Ohio"|"0.00"
"68."|"River Roads Loop"|"Ohio"|"0.00"
"69."|"Route 676"|"Ohio"|"0.00"
"70."|"11 Miles Along Lake Erie via Ohio Rt 6"|"Ohio"|"0.00"
"71."|"Germantown Metropark Loop"|"Ohio"|"0.00"
"72."|"Mount Vernon to Warsaw Loop"|"Ohio"|"0.00"
"73."|"River Road Along the Chagrin River"|"Ohio"|"0.00"
"74."|"The Cuyahoga Valley National Park Run"|"Ohio"|"0.00"
"75."|"Ohio Route 516 from Dover to Dundee"|"Ohio"|"0.00"
"1."|"Talimena National Scenic Byway"|"Arkansas, Oklahoma"|"4.50"
"2."|"Antlers, Oklahoma North"|"Oklahoma"|"5.00"
"3."|"Okmulgee Lake Tour"|"Oklahoma"|"5.00"
"4."|"The Best of 66"|"Oklahoma"|"4.42"
"5."|"Edmond-Stillwater Circuit"|"Oklahoma"|"4.40"
"6."|"The Road to Honobia"|"Oklahoma"|"4.13"
"7."|"Where the Red Fern Grows Run"|"Oklahoma"|"4.33"
"8."|"The Indian Trail Highway"|"Oklahoma"|"4.10"
"9."|"Lake Hudson Tour - 82 to 28 from Locust Grove"|"Oklahoma"|"4.00"
"10."|"Railroad Bridge Road"|"Oklahoma"|"3.83"
"11."|"Fort Gibson Trail"|"Oklahoma"|"4.00"
"12."|"Cavanal Hill Road (AKA CO Rd D1340)"|"Oklahoma"|"4.00"
"13."|"draper lake ride"|"Oklahoma"|"3.75"
"14."|"The \"77s\" Around Lake Murray"|"Oklahoma"|"3.67"
"15."|"Kenwood Road"|"Oklahoma"|"3.50"
"16."|"Rural Lake Keystone Ride"|"Oklahoma"|"3.50"
"17."|"The Keystone Lake to Skiatook Lake Run"|"Oklahoma"|"3.50"
"18."|"The Oklahoma Gloss Mountain Stretch"|"Oklahoma"|"3.00"
"19."|"The Southeast Kansas Corner Loop"|"Kansas, Missouri, Oklahoma"|"3.00"
"20."|"Southeastern Oklahoma Run"|"Oklahoma"|"3.00"
"21."|"The Lake Thunderbird Run"|"Oklahoma"|"3.00"
"22."|"Sid's Diner/El Reno Run"|"Oklahoma"|"1.00"
"23."|"The Rune Stone Ride"|"Oklahoma"|"0.00"
"24."|"Gyphills Scenic Tour"|"Kansas, Oklahoma"|"0.00"
"25."|"Twisty 82"|"Oklahoma"|"0.00"
"26."|"Red Rock Canyon Long Loop"|"Oklahoma"|"0.00"
"27."|"Whichita Mountain Wildlife Refuge"|"Oklahoma"|"0.00"
"28."|"OK 63 Scenic country ride - Haileyville to Kiowa"|"Oklahoma"|"0.00"
"29."|"McMurtry Milk Run"|"Oklahoma"|"0.00"
"1."|"Blue Mountain Scenic Byway"|"Oregon"|"5.00"
"2."|"The Devil's Tail"|"Idaho, Oregon"|"4.44"
"3."|"Shaniko to Fossil on Route 218"|"Oregon"|"5.00"
"4."|"The Estacada to Detroit Lake highway"|"Oregon"|"4.42"
"5."|"Aufderheide Memorial Drive"|"Oregon"|"4.50"
"6."|"McKenzie Hwy"|"Oregon"|"4.29"
"7."|"Columbia River Highway Scenic Route"|"Oregon"|"4.20"
"8."|"Oregon Hwy 82 Wallowa Valley to La Grande"|"Oregon"|"4.00"
"9."|"Roseburg to Crater Lake on Wonderful 138"|"Oregon"|"4.00"
"10."|"See The World's Smallest & Shortest - Tour (Highway 101)"|"Oregon"|"3.60"
"11."|"Vernonia - Astoria back roads; highway 47 & 202"|"Oregon"|"3.50"
"12."|"Nestucca River Road"|"Oregon"|"3.33"
"13."|"Weston Elgin Hwy 204 (Elgin, OR to Walla Walla, WA)"|"Oregon"|"0.00"
"14."|"Figure 8 Three Ferry Loop"|"Oregon"|"0.00"
"15."|"Catherine Creek Loop"|"Oregon"|"0.00"
"16."|"Gold Hill to Canyonville"|"Oregon"|"0.00"
"17."|"Santiam Hwy from Salem to the Coast"|"Oregon"|"0.00"
"18."|"Pendelton to Heppner"|"Oregon"|"0.00"
"19."|"Timothy Lake Cutoff"|"Oregon"|"0.00"
"20."|"Rogue River City to Crater Lake"|"Oregon"|"0.00"
"21."|"Alsea Hwy"|"Oregon"|"0.00"
"22."|"Beautiful Hwy 6"|"Oregon"|"0.00"
"23."|"Nestucca River Road Gravel Section Bypass - Bald Mtn Access & Bible Creek"|"Oregon"|"0.00"
"1."|"Grand Army of the Republic Highway - Route 6 (PA)"|"Pennsylvania"|"4.42"
"2."|"PA Route 44"|"Pennsylvania"|"4.50"
"3."|"Lincoln Highway"|"Pennsylvania"|"4.50"
"4."|"The Outstanding PA191"|"Pennsylvania"|"5.00"
"5."|"\"Winding Road Next 10.5 Miles\" - Rt 3001"|"Pennsylvania"|"5.00"
"6."|"Renovo to Kettle Creek Loop"|"Pennsylvania"|"5.00"
"7."|"PA Route 87"|"Pennsylvania"|"4.60"
"8."|"Gold Mine Road to Route 125"|"Pennsylvania"|"4.36"
"9."|"PA 26 - MD border to Everett"|"Pennsylvania"|"4.57"
"10."|"Pennsylvania 144"|"Pennsylvania"|"4.50"
"11."|"Laurel Hills Loop Through the Alleghenies"|"Pennsylvania"|"4.30"
"12."|"Rt 555 to Elk County and Elk Country"|"Pennsylvania"|"4.50"
"13."|"Pennsylvania Forest Route 262"|"Pennsylvania"|"4.50"
"14."|"The Tiadaghton & Worlds-End Tour"|"Pennsylvania"|"4.10"
"15."|"32 North Along the Delaware River"|"Pennsylvania"|"4.07"
"16."|"South Central PA Countryside Loop"|"Pennsylvania"|"4.25"
"17."|"Wrightsville to Columbia via  the Conowingo Dam"|"Pennsylvania, Maryland"|"4.33"
"18."|"PA 233 - 50 Miles and Four State Parks"|"Pennsylvania"|"4.25"
"19."|"231 & 221 Loop - Little Laguna"|"Pennsylvania"|"4.33"
"20."|"Clarks Valley Road to Peters Mountain Road"|"Pennsylvania"|"4.17"
"21."|"Route 666 - One Hell-of-a-Ride!"|"Pennsylvania"|"3.45"
"22."|"Peninsula Drive"|"Pennsylvania"|"4.00"
"23."|"Rt 869 Through Blue Knob"|"Pennsylvania"|"4.00"
"24."|"US 62 Along the Allegheny River"|"Pennsylvania"|"4.00"
"25."|"Delaware Water Gap Loop"|"Pennsylvania"|"3.70"
"26."|"Coal Miner Towns Loop"|"Pennsylvania"|"3.88"
"27."|"East Berlin Machiux St. Forest Loop"|"Pennsylvania"|"4.00"
"28."|"Pennsylvania Route 130"|"Pennsylvania"|"4.00"
"29."|"Belknap-Distant Road - PA County Route 1018 & 1025"|"Pennsylvania"|"4.00"
"30."|"Pennsylvania Route 949 - Sigel, PA to Ridgway, PA -"|"Pennsylvania"|"4.00"
"31."|"America Compressed"|"Pennsylvania"|"4.00"
"32."|"Pocono Cruise"|"Pennsylvania"|"3.75"
"33."|"Dunbar to Ohiopyle"|"Pennsylvania"|"3.50"
"34."|"PA Route 339"|"Pennsylvania"|"3.25"
"35."|"Route 54"|"Pennsylvania"|"3.50"
"36."|"The Loop"|"Pennsylvania, Delaware"|"2.81"
"37."|"PA Route 841"|"Pennsylvania"|"3.00"
"38."|"Oakdale to Carnegie --Noblestown Rd--"|"Pennsylvania"|"3.00"
"39."|"Pennsylvania Route 231 - Avella, PA to near Nineveh, PA -"|"Pennsylvania"|"3.00"
"40."|"Pennsylvania Route 221"|"Pennsylvania"|"3.00"
"41."|"Pennsylvania Route 259"|"Pennsylvania"|"3.00"
"42."|"PA Ridge Ride - Hawstone Road"|"Pennsylvania"|"2.00"
"43."|"\"Heck of a Route\""|"Pennsylvania"|"0.00"
"44."|"Lackawaxen"|"Pennsylvania"|"0.00"
"45."|"Edinboro to Franklin Via Twisties."|"Pennsylvania"|"0.00"
"46."|"Lube to Lube"|"Pennsylvania"|"0.00"
"47."|"Butler County Loop"|"Pennsylvania"|"0.00"
"48."|"PA Route 851"|"Pennsylvania"|"0.00"
"49."|"Indian Steps Extended Loop"|"Pennsylvania"|"0.00"
"50."|"Powells Valley Road"|"Pennsylvania, United States"|"0.00"
"51."|"Greensburg Donegal Loop"|"Pennsylvania"|"0.00"
"52."|"Kettle Road"|"United States, Pennsylvania"|"0.00"
"53."|"RT 487 - Bloomsburg  to Dushore PA"|"Pennsylvania"|"0.00"
"1."|"Zig Zag to the Sea"|"Rhode Island"|"4.00"
"2."|"The Western RI and Eastern CT Loop"|"Connecticut, Rhode Island"|"4.00"
"3."|"The Backdoor to Newport RI"|"Rhode Island"|"0.00"
"4."|"Tri-State Country Tour (MA, CT, RI)"|"Connecticut, Massachusetts, Rhode Island"|"0.00"
"5."|"Middle RI Loop!"|"Rhode Island"|"0.00"
"6."|"Jamestown Loop"|"Rhode Island"|"0.00"
"1."|"Beaufort Scenery"|"South Carolina"|"5.00"
"2."|"Caesars Head"|"South Carolina"|"5.00"
"3."|"Highway 28: Tri-State Tour"|"Georgia, South Carolina, Tennessee"|"4.50"
"4."|"Scenic Route from Springfield to Augusta"|"South Carolina, Georgia"|"4.00"
"5."|"Lake Wateree Recreation Area"|"South Carolina"|"4.00"
"6."|"Savannah River Scenery"|"Georgia, South Carolina"|"3.83"
"7."|"Cherokee Foothills Scenic Highway"|"South Carolina"|"3.25"
"8."|"Savannah River Sandhills"|"South Carolina"|"0.00"
"9."|"US 178 - Pickens, Moorefield, and Liberty Highways"|"South Carolina, North Carolina"|"0.00"
"1."|"Central Hills Loop"|"South Dakota"|"4.88"
"2."|"Custer State Park Wildlife Loop Road"|"United States, South Dakota"|"5.00"
"3."|"16 A to and thru Custer State Park"|"South Dakota"|"4.55"
"4."|"Short Run Through Some \"Bad Lands\""|"South Dakota"|"4.67"
"5."|"Ride the \"Lasso\" from Sturgis to Devils Tower"|"South Dakota, Wyoming"|"4.17"
"6."|"Good Route Through Badlands to a Great Monument"|"South Dakota"|"4.13"
"7."|"The Scenic Route from Custer, SD to Devils Tower, WY"|"South Dakota, Wyoming"|"4.17"
"8."|"South Dakota 44 (East of Rapid City)"|"South Dakota"|"4.00"
"9."|"Highway 34 from Sturgis to the MN border"|"South Dakota, United States"|"3.00"
"10."|"Sturgis Ride - Last Leg (I-90)"|"South Dakota"|"2.13"
"11."|"West Highway 44"|"South Dakota"|"0.00"
"12."|"Hartford Scotts Slough Run"|"South Dakota"|"0.00"
"13."|"Rolling Pastures and Wide Skylines"|"Montana, South Dakota, Wyoming"|"0.00"
"1."|"Deal's Gap (AKA \"The Dragon\" or \"Tail of the Dragon\")"|"North Carolina, Tennessee"|"4.38"
"2."|"Cherohala Skyway"|"North Carolina, Tennessee"|"4.88"
"3."|"Natchez Trace Parkway"|"Alabama, Mississippi, Tennessee"|"4.38"
"4."|"\"The Snake\" - Hwy 421 & 34"|"Tennessee"|"5.00"
"5."|"Natchez Trace Escape - Route 99"|"Tennessee"|"5.00"
"6."|"Highway 66"|"Tennessee"|"5.00"
"7."|"Cedar Creek Rd. to the \"Harley in the sky\""|"Tennessee"|"5.00"
"8."|"NC Hwy 261- Roan Mountain Road"|"North Carolina, Tennessee"|"5.00"
"9."|"\"The Tennessee Baby Dragon\" - Hwy 232"|"Tennessee"|"4.67"
"10."|"New River Highway to Frost Bottom Road"|"Tennessee"|"4.80"
"11."|"Foothills Parkway - US321 to US129 segment"|"Tennessee"|"4.80"
"12."|"Wooded Delight"|"Tennessee"|"5.00"
"13."|"The Trace (Through the Land Between the Lakes)"|"Tennessee, Kentucky"|"4.25"
"14."|"Highway 28: Tri-State Tour"|"Georgia, South Carolina, Tennessee"|"4.50"
"15."|"Crossville to Standing Stone to Celina"|"Tennessee"|"4.50"
"16."|"Hwy 128 River Ride - Side Trip off of \"Tennessee 13\""|"Tennessee"|"4.50"
"17."|"Monterey to Hanging Limb to Grimsley"|"Tennessee"|"4.50"
"18."|"Blue Ridge to Ellijay"|"Georgia, Tennessee"|"4.33"
"19."|"Cades Cove Run"|"Tennessee"|"4.17"
"20."|"TN Hwy 68: from Ducktown to Telico Plains"|"Tennessee"|"4.00"
"21."|"Real Tennessee Back Roads #4"|"Tennessee"|"4.17"
"22."|"Brushy Mountain Run"|"Tennessee"|"4.00"
"23."|"Central-Western Tennessee's Hwy 104"|"Tennessee"|"4.00"
"24."|"Route 70 from Rogersville TN to Jonesville VA"|"Tennessee, Virginia"|"4.00"
"25."|"Backroads of Ocoee"|"Tennessee"|"4.00"
"26."|"River Road"|"Tennessee"|"4.00"
"27."|"Following the Ocoee Down In Tennessee"|"Tennessee"|"3.75"
"28."|"Trovelhead's Thunder Canyon"|"Tennessee"|"4.00"
"29."|"North Central Tennessee Tour on US-127"|"Tennessee"|"3.67"
"30."|"\"Tennessee 13\""|"Tennessee"|"3.50"
"31."|"TN Route 12 North"|"Tennessee"|"3.00"
"32."|"Routes 56 & 50 - Cumberland Plateau Tour"|"Tennessee"|"3.00"
"33."|"Real Tennessee Back Roads #2"|"Tennessee"|"0.00"
"34."|"Whistle Stop Route - Route 269"|"Tennessee"|"0.00"
"35."|"A taste of the Appalachians via 25, 208, 321, 19"|"Tennessee, North Carolina"|"0.00"
"36."|"TN HWY 69 & AL HWY 20 - Savanna Highway"|"Tennessee"|"0.00"
"37."|"Tri-State Mountain Tour - Tennessee, Kentucky, and Virginia"|"Kentucky, Tennessee, Virginia"|"0.00"
"38."|"Up to the Ridges"|"Tennessee, North Carolina"|"0.00"
"39."|"Smyrna to Watertown"|"Tennessee"|"0.00"
"40."|"The Blues Highway"|"Mississippi, Tennessee"|"0.00"
"41."|"Genesis Road (Tn 298 & Tn 62)"|"Tennessee"|"0.00"
"42."|"Real Tennessee Back Roads #3 (Norris dam, Savage Gardens, Big Ridge State Park)"|"Tennessee"|"0.00"
"43."|"Real Tennessee Back Roads #1"|"Tennessee"|"0.00"
"44."|"County Road 14"|"Alabama, Tennessee"|"0.00"
"45."|"SSG Seth Ricketts Memorial Ride Route."|"Alabama, Mississippi, Tennessee"|"0.00"
"46."|"Pembroke Oak Grove Road to Jefferson Davis Memorial"|"Kentucky, Tennessee"|"0.00"
"47."|"Short run - Murfreesboro to Woodbury"|"Tennessee"|"0.00"
"48."|"Mid-TN Ramble - Murfreesboro to Woodbury"|"Tennessee"|"0.00"
"49."|"Mid-TN Ramble - Woodbury to Carthage"|"Tennessee"|"0.00"
"50."|"Happy Valley"|"Tennessee"|"0.00"
"51."|"Hwy 141 - An Interstate 40 Substitute"|"Tennessee"|"0.00"
"52."|"Dodson Branch Highway 135"|"Tennessee"|"0.00"
"53."|"Arno to Bethesda to Duplex Roads"|"Tennessee"|"0.00"
"54."|"North Nashville to Ashland City"|"Tennessee"|"0.00"
"55."|"Old Hickory Road"|"United States, Tennessee"|"0.00"
"56."|"Tennessee 32"|"Tennessee"|"0.00"
"57."|"I-40 Through Pisgah and Cherokee National Forests"|"North Carolina, Tennessee"|"0.00"
"58."|"Taste of Dandridge & Bush Beans"|"Tennessee"|"0.00"
"59."|"Old TN Highway 85"|"Tennessee"|"0.00"
"1."|"The Three Sisters (AKA The Twisted Sisters)- Ranch Roads 335, 336,337a"|"Texas"|"4.61"
"2."|"Riudoso to Alamogordo via Cloudcroft"|"Texas, New Mexico"|"5.00"
"3."|"Killeen Twisty Getaway"|"Texas"|"4.50"
"4."|"Bend Region - Rio Grande River Road"|"Texas"|"4.50"
"5."|"The Possum Kingdom Lake Ride"|"Texas"|"4.17"
"6."|"Hippie Hollow Horror"|"Texas"|"4.31"
"7."|"Castolon-Santa Elena Canyon Ride"|"Texas"|"4.67"
"8."|"Texas Park Road 4"|"Texas"|"4.38"
"9."|"Highway 697"|"Texas"|"4.50"
"10."|"The Lizards Tail Pt.1"|"Texas"|"4.50"
"11."|"The Red River Cruise"|"Texas"|"3.94"
"12."|"Hill Country Back Roads"|"Texas"|"4.33"
"13."|"Gruene-Fredericksburg-Bandera Loop"|"Texas"|"4.25"
"14."|"Fun Twisty Ride"|"Texas"|"4.33"
"15."|"Texas Hill Country Twister"|"Texas"|"4.07"
"16."|"Texas Turns, Turns, & More Turns"|"Texas"|"4.00"
"17."|"North Texas Sweeper Heaven"|"Texas"|"4.00"
"18."|"Bastrop Park Road 1"|"Texas"|"4.20"
"19."|"Point Blank Raceway"|"Texas"|"4.17"
"20."|"Racer Road"|"Texas"|"4.00"
"21."|"Farm To Market Road 149"|"Texas"|"4.00"
"22."|"Good Ol' Texas Hills Loop"|"Texas"|"4.00"
"23."|"Edom to Palestine"|"Texas"|"4.00"
"24."|"North Texas Hill Country - Granbury to Albany"|"Texas"|"4.00"
"25."|"Highway 39 Hunt, Texas"|"Texas"|"4.00"
"26."|"North Dallas - 455 onto 697"|"Texas"|"4.00"
"27."|"The Fulshear 44"|"Texas"|"3.75"
"28."|"Paloduro Canyon Loop"|"Texas"|"4.00"
"29."|"North Texas Crazy Eight"|"Texas"|"4.00"
"30."|"Palestine to Henderson - The Back Way"|"Texas"|"4.00"
"31."|"Santo Hwy."|"Texas"|"4.00"
"32."|"Paluxy Highway-FM 51"|"Texas"|"4.00"
"33."|"Sam Houston National Forest - Hill Store Road"|"Texas"|"4.00"
"34."|"North Dallas Twistys"|"Texas"|"3.67"
"35."|"Bristol Bluebonnet Bash"|"Texas"|"3.63"
"36."|"Crabb River Road to East Columbia"|"Texas"|"3.75"
"37."|"Texas Twister"|"Texas"|"3.50"
"38."|"La Grange to Round Top to Bellville Texas on TX-159"|"Texas"|"3.67"
"39."|"FM 2484"|"Texas"|"3.67"
"40."|"FM Road 1123"|"Texas"|"3.67"
"41."|"Ride to Hard 8 BBQ"|"Texas"|"3.33"
"42."|"Waller to Carlos Run"|"Texas"|"3.38"
"43."|"Blue Bonnets, Baylor, and Blue Bell"|"Texas"|"3.50"
"44."|"Kerrville to Comfort Along Cypress Creek Rd"|"Texas"|"3.50"
"45."|"The Glen Rose Trail"|"Texas"|"2.83"
"46."|"East Dallas Bowtie"|"Texas"|"3.00"
"47."|"Bluewater Highway & San Luis Pass Road to Lone Star Flight Museum"|"Texas"|"3.00"
"48."|"Logging Trail"|"Texas"|"3.00"
"49."|"Secluded Desert Ride on Ranch Roads 163 & 189"|"Texas"|"3.00"
"50."|"Old Brazos River Road"|"Texas"|"3.00"
"51."|"FM 279 - an Autumn Gem"|"Texas"|"3.00"
"52."|"FM 1002 and 852 South of Winnsboro"|"Texas"|"3.00"
"53."|"Texas Pig Path Ride"|"Texas"|"2.50"
"54."|"Lower Crabapple to Enchanted Rock"|"Texas"|"2.50"
"55."|"Frisco to Lake Ray Hubbard"|"Texas"|"2.50"
"56."|"Farm to Market Road 853 (San Angelo)"|"Texas"|"2.00"
"57."|"Hwy. 87 From Timpson Tx to Galveston"|"Texas"|"0.00"
"58."|"South Texas Ride"|"Texas"|"0.00"
"59."|"FM 357 - \"A Magnum of a Ride\""|"Texas"|"0.00"
"60."|"Caney creek to Rye"|"Texas"|"0.00"
"61."|"530 Cowboys to Brahmas"|"Texas"|"0.00"
"62."|"Cotton Patch"|"Texas"|"0.00"
"63."|"Windmill Mountain"|"Texas"|"0.00"
"64."|"Double Mountain Loop"|"Texas"|"0.00"
"65."|"Pineywoods Twister"|"Texas"|"0.00"
"66."|"Big Bend Nat'l Park-Ore Road"|"Texas"|"0.00"
"67."|"Farm to Market Roads 1500 to 824 to 137"|"Texas"|"0.00"
"68."|"San Angelo State Park Run"|"Texas"|"0.00"
"69."|"Beginner's Route"|"Texas"|"0.00"
"70."|"Paris TX to Caddo National Grassland"|"Texas"|"0.00"
"71."|"Waco to Stephenville Scenic Loop"|"Texas"|"0.00"
"72."|"Guadalupe River Road"|"Texas"|"0.00"
"73."|"Sam Rayburn Dam"|"Texas"|"0.00"
"74."|"Old Center Point Road"|"Texas"|"0.00"
"75."|"Ellis County Loop"|"Texas"|"0.00"
"76."|"Comanche Trail"|"Texas"|"0.00"
"77."|"Farm to Market 353 - Patroon St"|"Texas"|"0.00"
"78."|"Del Rio Secluded Desert Loop"|"Texas"|"0.00"
"79."|"Davis Mountains near Fort Davis State Park"|"Texas"|"0.00"
"80."|"New Sumerfield to Nacogdoches"|"Texas"|"0.00"
"81."|"FM 487"|"Texas"|"0.00"
"82."|"Spicewood Springs Road in Austin"|"Texas"|"0.00"
"83."|"FM 3090"|"Texas"|"0.00"
"84."|"FM 227 Into Davy Crockett National Forest"|"Texas"|"0.00"
"85."|"The Hidden Chisos Basin"|"Texas"|"0.00"
"86."|"Texas 166 Loop Around Mt Livermore"|"Texas"|"0.00"
"87."|"FM 1291 and 109"|"Texas"|"0.00"
"1."|"Mexican Hat to Bryce Canyon"|"Utah"|"4.92"
"2."|"The Grand Staircase-Escalante National Monument tour"|"Utah"|"4.67"
"3."|"Heber to Hannah & the Wolf Creek Pass Loop"|"Utah"|"4.75"
"4."|"Mt. Nebo Loop Road Run"|"Utah"|"4.75"
"5."|"Back roads route from Ogden to Salt Lake"|"Utah"|"5.00"
"6."|"The Logan Canyon Run"|"Utah"|"4.50"
"7."|"The Flaming Gorge Tour"|"Utah"|"4.50"
"8."|"Highway 9 - Zion Canyon"|"Utah"|"4.30"
"9."|"Kolob Road from Virgin, Utah"|"Utah"|"4.50"
"10."|"The Alpine Scenic Highway"|"Utah"|"4.50"
"11."|"Route 150 - Mirror Lake Loop"|"Colorado, Utah"|"4.25"
"12."|"Southern Utah-Northern Arizona Hwy 89 Loop"|"Arizona, Utah"|"4.00"
"13."|"Moab, UT to Nucla, CO"|"Colorado, Utah"|"4.17"
"14."|"Utah's Route 95"|"Utah"|"4.00"
"15."|"Utah 128 - \"The Canyons of the Colorado River\""|"Utah"|"4.00"
"16."|"Route 89 - Evanston, WY to Ogden, UT"|"Utah"|"4.00"
"17."|"Ashley National Forest to Flaming Gorge National Recreation Area"|"Wyoming, Utah"|"3.67"
"18."|"Burr Trail"|"United States, Utah"|"0.00"
"19."|"From Loa to Green River"|"Utah"|"0.00"
"20."|"Wanship to Orem Lakes ride"|"Utah"|"0.00"
"21."|"Southeastern Utah on Highway 163"|"Utah"|"0.00"
"1."|"Brandon Mountain Rd & 125 Loop through the Green Mountains"|"Vermont"|"5.00"
"2."|"102S: Windy, Twisty River Road from Canaan to Northumberland"|"Vermont"|"5.00"
"3."|"Lake Champlain Islands on US Route 2"|"Vermont"|"4.50"
"4."|"Route 100 - from Willington to Killington"|"Vermont"|"4.00"
"5."|"Brattleboro to Burlington"|"Vermont"|"3.67"
"6."|"Route 17 - MAD RIVER GLEN"|"Vermont"|"3.50"
"7."|"From Mass to the Americade (in Lake George, NY)"|"Massachusetts, New Hampshire, New York, Vermont"|"3.75"
"8."|"Righteous Roads"|"Vermont"|"3.50"
"9."|"Molly Stark Trail - Route 9"|"Vermont"|"3.00"
"10."|"Green Mountain Spine Waterbury--Killington Loop"|"Vermont"|"3.00"
"11."|"Rt 108 between Jeffersonville and Stowe \"Smugglers Notch\""|"Vermont"|"2.75"
"12."|"Route 5 Massachusetts to Vermont"|"New Hampshire, Massachusetts, Vermont"|"1.00"
"13."|"Vermont Covered Bridge Tour - from Brattleboro to New York"|"Vermont"|"0.00"
"14."|"NH VT Back road Loop"|"New Hampshire, Vermont"|"0.00"
"15."|"Old Route 4"|"Vermont"|"0.00"
"16."|"The Small Towns and Country Roads Tour"|"Vermont"|"0.00"
"17."|"Vermont Northeast Kingdom Circuit"|"Vermont"|"0.00"
"18."|"Route 114 Through The Kingdom State Forest"|"Vermont"|"0.00"
"19."|"Vermont Route 14"|"Vermont"|"0.00"
"1."|"Blue Ridge Parkway"|"North Carolina, Virginia"|"4.89"
"2."|"Skyline Drive"|"Virginia"|"4.93"
"3."|"US 250"|"Virginia, West Virginia"|"4.69"
"4."|"US 221 - Independence, VA to Boone, NC"|"North Carolina, Virginia"|"5.00"
"5."|"Woodbridge, VA to Seneca Rocks, WV and Back"|"Virginia"|"4.75"
"6."|"Southeastern West Virginia - Peterstown to Sweet Springs"|"Virginia, West Virginia"|"5.00"
"7."|"The Twist - Jeb Stewart Hwy --RT 58--"|"Virginia"|"5.00"
"8."|"Woolwine Hwy to Tuggles Gap"|"Virginia"|"5.00"
"9."|"West Virginia 39 (West of US 220)"|"Virginia, West Virginia"|"4.83"
"10."|"Virginia's State Route 16"|"Virginia, West Virginia"|"4.50"
"11."|"Winchester VA to Deep Creek Lake MD"|"Maryland, Virginia, West Virginia"|"4.67"
"12."|"Virginia Plantation, Settlement, and Battlefield Tour"|"Virginia"|"4.50"
"13."|"Leesburg VA to Antietam National Battlefield MD"|"Maryland, Virginia"|"4.50"
"14."|"Greensboro, NC - Blue Ridge Pkwy - Winston-Salem"|"North Carolina, Virginia"|"4.50"
"15."|"Southwestern Virginia - Sweet Chalybeate to Monterey"|"Virginia"|"4.50"
"16."|"Western Virginia Appalachian Mountain Loop"|"Virginia"|"4.25"
"17."|"Paris to Waterloo on the Splendid 688 (AKA Leeds Manor Road)!"|"Virginia"|"4.00"
"18."|"Route 80 in the Beautiful Southwest Corner of Virginia"|"Virginia"|"4.17"
"19."|"The Virginia Highlands Tour"|"Virginia"|"4.00"
"20."|"Manassas to Middleburg"|"Virginia"|"4.00"
"21."|"Culpeper - Sperryville Loop"|"Virginia"|"4.00"
"22."|"Roanoke Hills"|"Virginia"|"4.00"
"23."|"Route 70 from Rogersville TN to Jonesville VA"|"Tennessee, Virginia"|"4.00"
"24."|"Covington to Pearisville"|"Virginia, West Virginia"|"4.00"
"25."|"Apple House to Rt 50 via Morgan's Ford"|"Virginia"|"4.00"
"26."|"The Secret Blue-Ridge Mountain Northern Stretch"|"Virginia"|"3.75"
"27."|"The Nickel & Dime (Virginia State Route 5 and 10)"|"Virginia"|"3.75"
"28."|"Sterling - Front Royal - Charles Town Loop"|"Maryland, Virginia"|"3.75"
"29."|"Jr Splendour on Hume Road-CR-635"|"Virginia"|"4.00"
"30."|"Squirrel Spur Rd"|"Virginia"|"4.00"
"31."|"Snickersville Turnpike"|"Virginia"|"3.75"
"32."|"Chopawamsic Backcountry Area Loop"|"Virginia"|"3.75"
"33."|"The Fort Valley & Thornton Gap Run"|"Virginia"|"3.50"
"34."|"The \"Five & Dime\" Ferry Run"|"Virginia"|"3.50"
"35."|"The Middleburg to The Plains Loop"|"Virginia"|"3.38"
"36."|"Steve's Quick Curvy Ride"|"Virginia"|"3.50"
"37."|"Rt 42 - Virginia Mountains"|"Virginia"|"3.00"
"38."|"Crest Hill to the Twisties"|"Virginia"|"3.00"
"39."|"The Chesapeake Bay Area Reservoir Ride"|"Virginia"|"2.75"
"40."|"Old Bridge Road to the Splendid 688"|"Virginia"|"2.00"
"41."|"Short Ride along the James River to Ashland, VA"|"Virginia"|"2.00"
"42."|"Black Mountain Kentucky Loop"|"Kentucky, Virginia"|"0.00"
"43."|"George Washington National Forest Hills Tour - Rte 39"|"Virginia, West Virginia"|"0.00"
"44."|"Long way from Warrenton to Front Royal"|"Virginia, West Virginia"|"0.00"
"45."|"Scenic Tour of Loudoun"|"Virginia"|"0.00"
"46."|"Tri-State Mountain Tour - Tennessee, Kentucky, and Virginia"|"Kentucky, Tennessee, Virginia"|"0.00"
"47."|"Virginia State Route 40"|"Virginia"|"0.00"
"48."|"Military Road"|"Virginia"|"0.00"
"49."|"Eastern Kentucky-SW Virginia Loop"|"Kentucky, Virginia"|"0.00"
"50."|"Alum Ridge Rd - Floyd Co, VA"|"Virginia"|"0.00"
"51."|"Ramoth Church Rd"|"Virginia"|"0.00"
"52."|"60 to 6 Loop From Richmond VA"|"Virginia"|"0.00"
"53."|"Chief Powhatans Intoxicating Superhighway"|"Virginia"|"0.00"
"54."|"The Constitution Route Middle Loop"|"Virginia"|"0.00"
"55."|"606 - River Road Shenandoah"|"Virginia"|"0.00"
"1."|"Highway 20 Washington Pass"|"Washington"|"4.82"
"2."|"Rattlesnake Pass to Wallowa Lake"|"Washington, Idaho"|"4.72"
"3."|"Mt Rainer Ramble"|"Washington"|"5.00"
"4."|"The Klickitat Loop"|"Washington"|"4.90"
"5."|"Wind River Road"|"Washington"|"5.00"
"6."|"Preston-Fall City-Issaquah"|"Washington"|"5.00"
"7."|"Spirit Lake Highway"|"Washington"|"4.75"
"8."|"The Flowery Trail Rd"|"Washington"|"4.57"
"9."|"36 Mile Sweeper Paradise - Tiger to Colville"|"Washington"|"4.50"
"10."|"503-Lewisville Hwy (north of Battle Ground) to Mt. St. Helens Nat'l Forest"|"Washington"|"4.38"
"11."|"Cape Horn and Beyond"|"Washington"|"4.20"
"12."|"The Mercer Island Loop"|"Washington"|"4.00"
"13."|"Carbon River - Hwy 165"|"Washington"|"4.00"
"14."|"WA Hwy 261 Palouse Falls"|"Washington"|"4.00"
"15."|"Columbia Gorge Forest Loop"|"Washington"|"4.00"
"16."|"Steptoe Butte"|"Washington"|"4.00"
"17."|"WA 112&113 To Neah Bay"|"Washington"|"4.00"
"18."|"Spokane Valley to White Pine Scenic By-way to St Maries Idaho"|"Idaho, Washington"|"4.00"
"19."|"Clark County Scenic Loop"|"Washington"|"4.00"
"20."|"Ben Howard Road"|"Washington"|"4.00"
"21."|"Sunset Run"|"Washington"|"4.00"
"22."|"Yakima River Canyon Scenic Byway"|"Washington"|"4.00"
"23."|"Green Valley Taco Run"|"Washington"|"4.00"
"24."|"Chuckanut Drive"|"Washington"|"3.67"
"25."|"US Hwy 101 - Hood Canal to the North Shore"|"Washington"|"3.50"
"26."|"Scablands"|"Washington"|"3.50"
"27."|"Whidbey Island Wonder"|"Washington"|"3.10"
"28."|"Sultan Basin Road"|"Washington"|"3.33"
"29."|"Port Hadlock Ride"|"Washington"|"3.00"
"30."|"\"Highbridge\""|"Washington"|"2.50"
"31."|"Bellingham's Mt Baker Road"|"Washington"|"0.00"
"32."|"Run Along The Pend Oreille"|"Washington"|"0.00"
"33."|"Out to the Ocean"|"Washington"|"0.00"
"34."|"Highway 25 from Kettle Falls to Northport"|"Washington"|"0.00"
"35."|"The Grand Coulee Dam Run On Hwy 174"|"Washington"|"0.00"
"36."|"Entiat River Road"|"Washington"|"0.00"
"37."|"Addy-Wilbur ride"|"Washington"|"0.00"
"38."|"Highway 97 Columbia River Loop"|"Washington"|"0.00"
"39."|"Wawawai Snake River Loop"|"Washington"|"0.00"
"40."|"Ravensdale to Cumberland"|"Washington"|"0.00"
"41."|"Canyon Road"|"Washington"|"0.00"
"42."|"Lake Sammamish Parkway Loop"|"Washington"|"0.00"
"43."|"Hwy 203 - the Hidden Shortcut"|"Washington"|"0.00"
"44."|"Chinook Pass (Rt 410)"|"Washington"|"0.00"
"45."|"Inchelium Ferry Loop"|"Washington"|"0.00"
"46."|"Gig Harbor to Allyn on 302"|"Washington"|"0.00"
"47."|"Auburn Black Diamond Road to Thomas Road"|"Washington"|"0.00"
"1."|"US-33 through the Shenandoah valley"|"West Virginia"|"4.83"
"2."|"US 250"|"Virginia, West Virginia"|"4.69"
"3."|"Parkersburg-Clay-Harrisville-Loop"|"West Virginia"|"5.00"
"4."|"Southeastern West Virginia - Peterstown to Sweet Springs"|"Virginia, West Virginia"|"5.00"
"5."|"US 50 - The George Washington Highway"|"West Virginia"|"4.58"
"6."|"West Virginia US Route 219 -North of Elkins, WV-"|"West Virginia"|"5.00"
"7."|"US 219 Elkins to Summerville"|"West Virginia"|"4.83"
"8."|"West Virginia 39 (West of US 220)"|"Virginia, West Virginia"|"4.83"
"9."|"West Virginia 28"|"West Virginia"|"4.63"
"10."|"The Highland Scenic Highway (SR 150)"|"West Virginia"|"4.67"
"11."|"200-Mile West Virginia Twisties Tour"|"West Virginia"|"4.67"
"12."|"Virginia's State Route 16"|"Virginia, West Virginia"|"4.50"
"13."|"Winchester VA to Deep Creek Lake MD"|"Maryland, Virginia, West Virginia"|"4.67"
"14."|"Route 20 from Buckhannon WV to Webster Springs WV"|"West Virginia"|"4.30"
"15."|"Route 20's Twisties"|"West Virginia"|"4.25"
"16."|"Rt. 16-Rt 47 - Taste of Appalachian Foothills"|"West Virginia"|"4.25"
"17."|"WV State Rt. 9 - Berkeley Springs to Paw Paw, WV"|"West Virginia"|"3.86"
"18."|"Covington to Pearisville"|"Virginia, West Virginia"|"4.00"
"19."|"The Midland Trail"|"West Virginia"|"4.00"
"20."|"West Virginia State Route 72"|"West Virginia"|"4.00"
"21."|"Route 12 - Alderson to Peterstown"|"West Virginia"|"4.00"
"22."|"West Virginia State Route 7"|"West Virginia"|"4.00"
"23."|"The Snowshoe Challenge"|"West Virginia"|"3.67"
"24."|"Scenic Route to New River Gorge"|"West Virginia"|"3.50"
"25."|"West Virginia State Route 47"|"West Virginia"|"3.00"
"26."|"George Washington National Forest Hills Tour - Rte 39"|"Virginia, West Virginia"|"0.00"
"27."|"Long way from Warrenton to Front Royal"|"Virginia, West Virginia"|"0.00"
"28."|"Waterford Racetrack Road"|"Ohio, West Virginia"|"0.00"
"29."|"Southeast Ohio on Route 32 & Hwy 33"|"West Virginia, Ohio"|"0.00"
"30."|"Baltimore To The \"Loppty Loop\" (Route 51)"|"Maryland, West Virginia"|"0.00"
"31."|"West Virginia Coal River Route"|"West Virginia"|"0.00"
"32."|"SW Corner of West Virginia on Route 10"|"West Virginia"|"0.00"
"33."|"Marmet to Beckley via Routes 94 & 3"|"West Virginia"|"0.00"
"34."|"US Route 48"|"West Virginia"|"0.00"
"35."|"West Virginia - Rosedale Rd"|"West Virginia"|"0.00"
"36."|"West Virginia State Route 15"|"West Virginia"|"0.00"
"37."|"Smoke Hole Road"|"United States, West Virginia"|"0.00"
"38."|"State Route 88 from Wheeling to the PA Border"|"West Virginia"|"0.00"
"1."|"Triple State Mississippi River Run (MN, IA, WI)"|"Wisconsin, Minnesota, Iowa"|"5.00"
"2."|"Kickapoo river valley"|"Wisconsin"|"5.00"
"3."|"Wisconsin 60 Along the Wisconsin River"|"Wisconsin"|"4.56"
"4."|"Genoa to Richland Center on the 56"|"Wisconsin"|"4.50"
"5."|"Hwy 55, Menomonee Reservation ride"|"Wisconsin"|"4.36"
"6."|"Mt. Horeb to New Glarus, The Long Way"|"Wisconsin"|"4.50"
"7."|"The Highway 107 River Run"|"Wisconsin"|"4.50"
"8."|"Wisconsin's Route 33 - The Little Deals Gap of the Mid-west!"|"Wisconsin"|"4.10"
"9."|"Hwy Q from Independence to Hwy 121"|"Wisconsin"|"4.50"
"10."|"Hwy 95 from Fountain City to Arcadia"|"Wisconsin"|"4.33"
"11."|"River Run"|"Wisconsin"|"4.00"
"12."|"Reedsburg to Baraboo"|"Wisconsin"|"4.00"
"13."|"The Endless Valley Run"|"Wisconsin"|"3.63"
"14."|"Highway 40"|"Wisconsin"|"4.00"
"15."|"187 Along the Wolf River"|"Wisconsin"|"3.75"
"16."|"The Eagles' Loop"|"Wisconsin, Illinois"|"3.25"
"17."|"New Glarus to Argyle - the long way"|"Wisconsin"|"3.50"
"18."|"18 Bridges"|"Wisconsin"|"3.50"
"19."|"Riding the \"double-Z\" Along the Fox River"|"Wisconsin"|"3.33"
"20."|"Zig-Zag Through the Kettle Moraine"|"Wisconsin"|"3.13"
"21."|"The Three Corners Scenic Loop (Illinois, Wisconsin, Iowa)"|"Illinois, Wisconsin, Iowa"|"3.25"
"22."|"Summer on the Rivers"|"Illinois, Wisconsin"|"3.00"
"23."|"Route 20 & Highway 12 Ride"|"Wisconsin"|"3.00"
"24."|"\"Nothingness\""|"Wisconsin"|"2.00"
"25."|"\"Baby Face Nelson's Last Day\" Ride"|"Wisconsin, Illinois"|"1.50"
"26."|"WI-64 between US-53 and Forest, WI."|"Wisconsin"|"1.00"
"27."|"East Troy Run"|"Wisconsin"|"0.00"
"28."|"Sugar River - Avon Bottom Park"|"Wisconsin"|"0.00"
"29."|"Highway 60"|"Wisconsin"|"0.00"
"30."|"Waunakee to Devils Lake"|"Wisconsin"|"0.00"
"31."|"Stewart Lake Twisties"|"Wisconsin"|"0.00"
"32."|"New Glarus to Mt. Horeb - Plus a Bonus Loop"|"Wisconsin"|"0.00"
"33."|"Chequamegon National Forest"|"Wisconsin"|"0.00"
"34."|"Kettle Moraine Scenic Trail - South End"|"Wisconsin"|"0.00"
"35."|"Twin Cities to Prescott and the Alphabet Roads Loop"|"Wisconsin, Minnesota"|"0.00"
"1."|"Beartooth Pass"|"Montana, Wyoming"|"4.96"
"2."|"Chief Joseph Scenic Highway-Bighorn Mountains"|"Wyoming"|"4.54"
"3."|"Big Horn Mountain loop"|"Wyoming"|"5.00"
"4."|"The Wind River Canyon Run"|"Wyoming"|"5.00"
"5."|"Ride the \"Lasso\" from Sturgis to Devils Tower"|"South Dakota, Wyoming"|"4.17"
"6."|"The Scenic Route from Custer, SD to Devils Tower, WY"|"South Dakota, Wyoming"|"4.17"
"7."|"The Southern Caribou National Forest Loop"|"Idaho, Wyoming"|"4.17"
"8."|"Happy Jack Road"|"Wyoming"|"4.00"
"9."|"Snowy Range & Woods Landing Loop"|"Wyoming, Colorado"|"4.00"
"10."|"Laramie to Wheatland via Route 34"|"Wyoming"|"4.00"
"11."|"Wyoming Route 313"|"Wyoming"|"4.00"
"12."|"Ashley National Forest to Flaming Gorge National Recreation Area"|"Wyoming, Utah"|"3.67"
"13."|"US 20 (Northwest Nebraska)"|"Nebraska, Wyoming"|"3.50"
"14."|"From Casper into the Heart of the Tetons"|"Wyoming"|"0.00"
"15."|"Rolling Pastures and Wide Skylines"|"Montana, South Dakota, Wyoming"|"0.00"
"16."|"Two Passes a Canyon and a Lake"|"Idaho, Wyoming"|"0.00"
"17."|"Devils Tower to Yellowstone on the Sweet 16"|"Wyoming"|"0.00"
"18."|"US 85 Torrington to Bear Mountain Station"|"Wyoming"|"0.00"
